,0,1,2,3,4,5,5,6,7,9,0,
1,,,,,,,,,,,,0
2,,,,,,,,,,,,0
4,,,,,,,,,,,,0
8,,,,,,,,,,,,0
1,,,,,,,,,,,,0
2,,,,,,,,,,,,0
4,,,,,,,,,,,,0
8,,,,,,,,,,,,0
1,,,,,,,,,,,,0
2,,,,,,,,,,,,0
4,,,,,,,,,,,,0
8,,,,,,,,,,,,0
1,,,,,,,,,,,,0
2,,,,,,,,,,,,0
4,,,,,,,,,,,,0
8,,,,,,,,,,,,0
1,,,,,,,,,,,,1
2,,,,,,,,,,,,1
4,,O,O,,,,,,,,,1
8,,O,O,,,,,,,,,1
1,,O,O,,,,,,,,,1
2,,O,O,,,,,,,,,1
4,,O,O,,,,,,,,,1
8,,O,O,,,,,,,,,1
1,,O,O,,,,,,,,,1
2,,O,O,,,,,,,,,1
4,,O,O,,,,,,,,,1
8,,,,,,,,,,,,1
1,,,,,,,,,,,,1
2,,O,O,,,,,,,,,1
4,,O,O,,,,,,,,,1
8,,,,,,,,,,,,1
1,,,,,,,,,,,,2
2,,,,,,,,,,,,2
4,,,,,,,,,,,,2
8,,O,O,,,O,O,,,,,2
1,,O,O,,,O,O,,,,,2
2,,,O,,,,O,,,,,2
4,,O,,,,O,,,,,,2
8,,,,,,,,,,,,2
1,,,,,,,,,,,,2
2,,,,,,,,,,,,2
4,,,,,,,,,,,,2
8,,,,,,,,,,,,2
1,,,,,,,,,,,,2
2,,,,,,,,,,,,2
4,,,,,,,,,,,,2
8,,,,,,,,,,,,2
1,,,,,,,,,,,,3
2,,,,,,,,,,,,3
4,,,,O,,,O,,,,,3
8,,,,O,,,O,,,,,3
1,,,,O,,,O,,,,,3
2,,O,O,O,O,O,O,O,O,,,3
4,,O,O,O,O,O,O,O,O,,,3
8,,,,O,,,O,,,,,3
1,,,,O,,,O,,,,,3
2,,,,O,,,O,,,,,3
4,,O,O,O,O,O,O,O,O,,,3
8,,O,O,O,O,O,O,O,O,,,3
1,,,,O,,,O,,,,,3
2,,,,O,,,O,,,,,3
4,,,,O,,,O,,,,,3
8,,,,,,,,,,,,3
1,,,,,,,,,,,,4
2,,,,,,,,,,,,4
4,,,,O,O,,,,,,,4
8,,,,O,O,,,,,,,4
1,,,O,O,O,O,,,,,,4
2,,O,,O,O,,O,,,,,4
4,,O,,O,O,,,,,,,4
8,,O,,O,O,,,,,,,4
1,,,O,O,O,O,,,,,,4
2,,,,O,O,,O,,,,,4
4,,,,O,O,,O,,,,,4
8,,O,,O,O,,O,,,,,4
1,,,O,O,O,O,,,,,,4
2,,,,O,O,,,,,,,4
4,,,,O,O,,,,,,,4
8,,,,,,,,,,,,4
1,,,,,,,,,,,,5
2,,,,,,,,,,,,5
4,,,,,,,,,,,,5
8,,O,O,,,,O,O,,,,5
1,,O,O,,,,O,O,,,,5
2,,,,,,O,O,,,,,5
4,,,,,,O,O,,,,,5
8,,,,,O,O,,,,,,5
1,,,,,O,O,,,,,,5
2,,,,O,O,,,,,,,5
4,,,,O,O,,,,,,,5
8,,,O,O,,,,,,,,5
1,,,O,O,,,,,,,,5
2,,O,O,,,,O,O,,,,5
4,,O,O,,,,O,O,,,,5
8,,,,,,,,,,,,5
1,,,,,,,,,,,,6
2,,,,,,,,,,,,6
4,,,,,,,,,,,,6
8,,,,O,O,O,,,,,,6
1,,,O,O,O,O,O,,,,,6
2,,,O,O,,O,O,,,,,6
4,,,O,O,,O,O,,,,,6
8,,,,O,O,O,,,,,,6
1,,,,O,O,O,,,,,,6
2,,,O,O,O,O,O,,,,,6
4,,O,O,,,O,O,O,,,,6
8,,O,O,,,,O,O,,,,6
1,,O,O,,,,O,O,O,,,6
2,,,O,O,O,O,O,,O,,,6
4,,,,O,O,O,,,,,,6
8,,,,,,,,,,,,6
1,,,,,,,,,,,,7
2,,,,,,,,,,,,7
4,,,,,,,,,,,,7
8,,O,O,,,,,,,,,7
1,,O,O,,,,,,,,,7
2,,,O,,,,,,,,,7
4,,O,,,,,,,,,,7
8,,,,,,,,,,,,7
1,,,,,,,,,,,,7
2,,,,,,,,,,,,7
4,,,,,,,,,,,,7
8,,,,,,,,,,,,7
1,,,,,,,,,,,,7
2,,,,,,,,,,,,7
4,,,,,,,,,,,,7
8,,,,,,,,,,,,7
1,,,,,,,,,,,,8
2,,,,,,,,,,,,8
4,,,,O,O,O,,,,,,8
8,,,O,O,O,O,,,,,,8
1,,O,O,O,,,,,,,,8
2,,O,O,,,,,,,,,8
4,,O,O,,,,,,,,,8
8,,O,O,,,,,,,,,8
1,,O,O,,,,,,,,,8
2,,O,O,,,,,,,,,8
4,,O,O,,,,,,,,,8
8,,O,O,,,,,,,,,8
1,,O,O,O,,,,,,,,8
2,,,O,O,O,O,,,,,,8
4,,,,O,O,O,,,,,,8
8,,,,,,,,,,,,8
1,,,,,,,,,,,,9
2,,,,,,,,,,,,9
4,,O,O,O,,,,,,,,9
8,,O,O,O,O,,,,,,,9
1,,,,O,O,O,,,,,,9
2,,,,,O,O,,,,,,9
4,,,,,O,O,,,,,,9
8,,,,,O,O,,,,,,9
1,,,,,O,O,,,,,,9
2,,,,,O,O,,,,,,9
4,,,,,O,O,,,,,,9
8,,,,,O,O,,,,,,9
1,,,,O,O,O,,,,,,9
2,,O,O,O,O,,,,,,,9
4,,O,O,O,,,,,,,,9
8,,,,,,,,,,,,9
1,,,,,,,,,,,,10
2,,,,,,,,,,,,10
4,,,,,,,,,,,,10
8,,,,,,,,,,,,10
1,,,,,,,,,,,,10
2,,,,,O,,,,,,,10
4,,,O,,O,,O,,,,,10
8,,,,O,O,O,,,,,,10
1,,O,O,O,O,O,O,O,,,,10
2,,,,O,O,O,,,,,,10
4,,,O,,O,,O,,,,,10
8,,,,,O,,,,,,,10
1,,,,,,,,,,,,10
2,,,,,,,,,,,,10
4,,,,,,,,,,,,10
8,,,,,,,,,,,,10
1,,,,,,,,,,,,11
2,,,,,,,,,,,,11
4,,,,,,,,,,,,11
8,,,,,,,,,,,,11
1,,,,,,,,,,,,11
2,,,,,O,O,,,,,,11
4,,,,,O,O,,,,,,11
8,,,,,O,O,,,,,,11
1,,O,O,O,O,O,O,O,O,,,11
2,,O,O,O,O,O,O,O,O,,,11
4,,,,,O,O,,,,,,11
8,,,,,O,O,,,,,,11
1,,,,,O,O,,,,,,11
2,,,,,,,,,,,,11
4,,,,,,,,,,,,11
8,,,,,,,,,,,,11
1,,,,,,,,,,,,12
2,,,,,,,,,,,,12
4,,,,,,,,,,,,12
8,,,,,,,,,,,,12
1,,,,,,,,,,,,12
2,,,,,,,,,,,,12
4,,,,,,,,,,,,12
8,,,,,,,,,,,,12
1,,,,,,,,,,,,12
2,,,,,,,,,,,,12
4,,,,,,,,,,,,12
8,,,,,,,,,,,,12
1,,O,O,,,,,,,,,12
2,,O,O,,,,,,,,,12
4,,,O,,,,,,,,,12
8,,O,,,,,,,,,,12
1,,,,,,,,,,,,13
2,,,,,,,,,,,,13
4,,,,,,,,,,,,13
8,,,,,,,,,,,,13
1,,,,,,,,,,,,13
2,,,,,,,,,,,,13
4,,,,,,,,,,,,13
8,,,,,,,,,,,,13
1,,O,O,O,O,O,O,O,O,,,13
2,,O,O,O,O,O,O,O,O,,,13
4,,,,,,,,,,,,13
8,,,,,,,,,,,,13
1,,,,,,,,,,,,13
2,,,,,,,,,,,,13
4,,,,,,,,,,,,13
8,,,,,,,,,,,,13
1,,,,,,,,,,,,14
2,,,,,,,,,,,,14
4,,,,,,,,,,,,14
8,,,,,,,,,,,,14
1,,,,,,,,,,,,14
2,,,,,,,,,,,,14
4,,,,,,,,,,,,14
8,,,,,,,,,,,,14
1,,,,,,,,,,,,14
2,,,,,,,,,,,,14
4,,,,,,,,,,,,14
8,,,,,,,,,,,,14
1,,,,,,,,,,,,14
2,,O,O,,,,,,,,,14
4,,O,O,,,,,,,,,14
8,,,,,,,,,,,,14
1,,,,,,,,,,,,15
2,,,,,,,,,,,,15
4,,,,,,,,,,,,15
8,,,,,,,O,O,,,,15
1,,,,,,,O,O,,,,15
2,,,,,,O,O,,,,,15
4,,,,,,O,O,,,,,15
8,,,,,O,O,,,,,,15
1,,,,,O,O,,,,,,15
2,,,,O,O,,,,,,,15
4,,,,O,O,,,,,,,15
8,,,O,O,,,,,,,,15
1,,,O,O,,,,,,,,15
2,,O,O,,,,,,,,,15
4,,O,O,,,,,,,,,15
8,,,,,,,,,,,,15
1,,,,,,,,,,,,16
2,,,,,,,,,,,,16
4,,,,O,O,O,,,,,,16
8,,,O,O,O,O,O,,,,,16
1,,O,O,,,,O,O,,,,16
2,,O,O,,,,O,O,,,,16
4,,O,O,,,,O,O,,,,16
8,,O,O,,,,O,O,,,,16
1,,O,O,,,,O,O,,,,16
2,,O,O,,,,O,O,,,,16
4,,O,O,,,,O,O,,,,16
8,,O,O,,,,O,O,,,,16
1,,O,O,,,,O,O,,,,16
2,,,O,O,O,O,O,,,,,16
4,,,,O,O,O,,,,,,16
8,,,,,,,,,,,,16
1,,,,,,,,,,,,17
2,,,,,,,,,,,,17
4,,,,O,O,,,,,,,17
8,,,O,O,O,,,,,,,17
1,,O,O,O,O,,,,,,,17
2,,,,O,O,,,,,,,17
4,,,,O,O,,,,,,,17
8,,,,O,O,,,,,,,17
1,,,,O,O,,,,,,,17
2,,,,O,O,,,,,,,17
4,,,,O,O,,,,,,,17
8,,,,O,O,,,,,,,17
1,,,,O,O,,,,,,,17
2,,O,O,O,O,O,O,,,,,17
4,,O,O,O,O,O,O,,,,,17
8,,,,,,,,,,,,17
1,,,,,,,,,,,,18
2,,,,,,,,,,,,18
4,,,O,O,O,O,O,,,,,18
8,,O,O,O,O,O,O,O,,,,18
1,,O,O,,,,,O,O,,,18
2,,,,,,,,O,O,,,18
4,,,,,,,,O,O,,,18
8,,,,O,O,O,O,O,,,,18
1,,,O,O,O,O,O,,,,,18
2,,O,O,,,,,,,,,18
4,,O,O,,,,,,,,,18
8,,O,O,,,,,,,,,18
1,,O,O,,,,,,,,,18
2,,O,O,O,O,O,O,O,O,,,18
4,,O,O,O,O,O,O,O,O,,,18
8,,,,,,,,,,,,18
1,,,,,,,,,,,,19
2,,,,,,,,,,,,19
4,,,,O,O,O,O,,,,,19
8,,,O,O,O,O,O,O,,,,19
1,,O,O,,,,,O,O,,,19
2,,,,,,,,O,O,,,19
4,,,,,,,,O,O,,,19
8,,,O,O,O,O,O,O,,,,19
1,,,O,O,O,O,O,O,,,,19
2,,,,,,,,O,O,,,19
4,,,,,,,,O,O,,,19
8,,,,,,,,O,O,,,19
1,,O,O,,,,,O,O,,,19
2,,,O,O,O,O,O,O,,,,19
4,,,,O,O,O,O,,,,,19
8,,,,,,,,,,,,19
1,,,,,,,,,,,,20
2,,,,,,,,,,,,20
4,,O,O,,,,,O,O,,,20
8,,O,O,,,,,O,O,,,20
1,,O,O,,,,,O,O,,,20
2,,O,O,,,,,O,O,,,20
4,,O,O,,,,,O,O,,,20
8,,O,O,O,O,O,O,O,O,,,20
1,,O,O,O,O,O,O,O,O,,,20
2,,,,,,,,O,O,,,20
4,,,,,,,,O,O,,,20
8,,,,,,,,O,O,,,20
1,,,,,,,,O,O,,,20
2,,,,,,,,O,O,,,20
4,,,,,,,,O,O,,,20
8,,,,,,,,,,,,20
1,,,,,,,,,,,,21
2,,,,,,,,,,,,21
4,,O,O,O,O,O,O,O,O,,,21
8,,O,O,O,O,O,O,O,O,,,21
1,,O,O,,,,,,,,,21
2,,O,O,,,,,,,,,21
4,,O,O,,,,,,,,,21
8,,O,O,O,O,O,O,,,,,21
1,,,O,O,O,O,O,O,,,,21
2,,,,,,,,O,O,,,21
4,,,,,,,,O,O,,,21
8,,,,,,,,O,O,,,21
1,,O,O,,,,,O,O,,,21
2,,,O,O,O,O,O,O,,,,21
4,,,,O,O,O,O,,,,,21
8,,,,,,,,,,,,21
1,,,,,,,,,,,,22
2,,,,,,,,,,,,22
4,,,,O,O,O,O,,,,,22
8,,,O,O,O,O,O,O,,,,22
1,,O,O,,,,,,,,,22
2,,O,O,,,,,,,,,22
4,,O,O,,,,,,,,,22
8,,O,O,O,O,O,O,,,,,22
1,,O,O,O,O,O,O,O,,,,22
2,,O,O,,,,,O,O,,,22
4,,O,O,,,,,O,O,,,22
8,,O,O,,,,,O,O,,,22
1,,O,O,,,,,O,O,,,22
2,,,O,O,O,O,O,O,,,,22
4,,,,O,O,O,O,,,,,22
8,,,,,,,,,,,,22
1,,,,,,,,,,,,23
2,,,,,,,,,,,,23
4,,O,O,O,O,O,O,O,O,,,23
8,,O,O,O,O,O,O,O,O,,,23
1,,,,,,,,O,O,,,23
2,,,,,,,,O,O,,,23
4,,,,,,,O,O,,,,23
8,,,,,,O,O,,,,,23
1,,,,,O,O,,,,,,23
2,,,,O,O,,,,,,,23
4,,,,O,O,,,,,,,23
8,,,,O,O,,,,,,,23
1,,,,O,O,,,,,,,23
2,,,,O,O,,,,,,,23
4,,,,O,O,,,,,,,23
8,,,,,,,,,,,,23
1,,,,,,,,,,,,24
2,,,,,,,,,,,,24
4,,,,O,O,O,O,,,,,24
8,,,O,O,O,O,O,O,,,,24
1,,O,O,,,,,O,O,,,24
2,,O,O,,,,,O,O,,,24
4,,O,O,,,,,O,O,,,24
8,,,O,O,O,O,O,O,,,,24
1,,,O,O,O,O,O,O,,,,24
2,,O,O,,,,,O,O,,,24
4,,O,O,,,,,O,O,,,24
8,,O,O,,,,,O,O,,,24
1,,O,O,,,,,O,O,,,24
2,,,O,O,O,O,O,O,,,,24
4,,,,O,O,O,O,,,,,24
8,,,,,,,,,,,,24
1,,,,,,,,,,,,25
2,,,,,,,,,,,,25
4,,,,O,O,O,O,,,,,25
8,,,O,O,O,O,O,O,,,,25
1,,O,O,,,,,O,O,,,25
2,,O,O,,,,,O,O,,,25
4,,O,O,,,,,O,O,,,25
8,,,O,O,O,O,O,O,O,,,25
1,,,,O,O,O,O,O,O,,,25
2,,,,,,,,O,O,,,25
4,,,,,,,,O,O,,,25
8,,,,,,,,O,O,,,25
1,,,,,,,,O,O,,,25
2,,,O,O,O,O,O,O,,,,25
4,,,,O,O,O,O,,,,,25
8,,,,,,,,,,,,25
1,,,,,,,,,,,,26
2,,,,,,,,,,,,26
4,,,,,,,,,,,,26
8,,,,,,,,,,,,26
1,,,,,,,,,,,,26
2,,O,O,,,,,,,,,26
4,,O,O,,,,,,,,,26
8,,O,O,,,,,,,,,26
1,,,,,,,,,,,,26
2,,,,,,,,,,,,26
4,,O,O,,,,,,,,,26
8,,O,O,,,,,,,,,26
1,,O,O,,,,,,,,,26
2,,,,,,,,,,,,26
4,,,,,,,,,,,,26
8,,,,,,,,,,,,26
1,,,,,,,,,,,,27
2,,,,,,,,,,,,27
4,,,,,,,,,,,,27
8,,,,,,,,,,,,27
1,,,,,,,,,,,,27
2,,O,O,,,,,,,,,27
4,,O,O,,,,,,,,,27
8,,O,O,,,,,,,,,27
1,,,,,,,,,,,,27
2,,,,,,,,,,,,27
4,,O,O,,,,,,,,,27
8,,O,O,,,,,,,,,27
1,,O,O,,,,,,,,,27
2,,,O,,,,,,,,,27
4,,O,,,,,,,,,,27
8,,,,,,,,,,,,27
1,,,,,,,,,,,,28
2,,,,,,,,,,,,28
4,,,,,,,,,,,,28
8,,,,,,,,,,,,28
1,,,,,,,,,,,,28
2,,,,,,O,O,,,,,28
4,,,,,O,O,,,,,,28
8,,,,O,O,,,,,,,28
1,,,O,O,,,,,,,,28
2,,O,O,,,,,,,,,28
4,,,O,O,,,,,,,,28
8,,,,O,O,,,,,,,28
1,,,,,O,O,,,,,,28
2,,,,,,O,O,,,,,28
4,,,,,,,,,,,,28
8,,,,,,,,,,,,28
1,,,,,,,,,,,,29
2,,,,,,,,,,,,29
4,,,,,,,,,,,,29
8,,,,,,,,,,,,29
1,,,,,,,,,,,,29
2,,,,,,,,,,,,29
4,,,,,,,,,,,,29
8,,O,O,O,O,O,O,O,O,,,29
1,,O,O,O,O,O,O,O,O,,,29
2,,,,,,,,,,,,29
4,,O,O,O,O,O,O,O,O,,,29
8,,O,O,O,O,O,O,O,O,,,29
1,,,,,,,,,,,,29
2,,,,,,,,,,,,29
4,,,,,,,,,,,,29
8,,,,,,,,,,,,29
1,,,,,,,,,,,,30
2,,,,,,,,,,,,30
4,,,,,,,,,,,,30
8,,,,,,,,,,,,30
1,,,,,,,,,,,,30
2,,O,O,,,,,,,,,30
4,,,O,O,,,,,,,,30
8,,,,O,O,,,,,,,30
1,,,,,O,O,,,,,,30
2,,,,,,O,O,,,,,30
4,,,,,O,O,,,,,,30
8,,,,O,O,,,,,,,30
1,,,O,O,,,,,,,,30
2,,O,O,,,,,,,,,30
4,,,,,,,,,,,,30
8,,,,,,,,,,,,30
1,,,,,,,,,,,,31
2,,,,,,,,,,,,31
4,,,,O,O,O,O,,,,,31
8,,,O,O,O,O,O,O,,,,31
1,,O,O,,,,,O,O,,,31
2,,,,,,,,O,O,,,31
4,,,,,,,O,O,O,,,31
8,,,,,,O,O,O,,,,31
1,,,,,O,O,O,,,,,31
2,,,,,O,O,,,,,,31
4,,,,,O,O,,,,,,31
8,,,,,O,O,,,,,,31
1,,,,,,,,,,,,31
2,,,,,O,O,,,,,,31
4,,,,,O,O,,,,,,31
8,,,,,,,,,,,,31
1,,,,,,,,,,,,32
2,,,,,,,,,,,,32
4,,,,O,O,O,O,,,,,32
8,,,O,O,O,O,O,O,,,,32
1,,O,O,,,,,O,O,,,32
2,,,,,,,,O,O,,,32
4,,,,,,,,O,O,,,32
8,,,O,O,,,,O,O,,,32
1,,O,O,O,O,,,O,O,,,32
2,,O,O,,O,O,,O,O,,,32
4,,O,O,,O,,,O,O,,,32
8,,O,O,,,,,O,O,,,32
1,,O,O,,,,,O,O,,,32
2,,,O,O,O,O,O,O,,,,32
4,,,,O,O,O,O,,,,,32
8,,,,,,,,,,,,32
1,,,,,,,,,,,,33
2,,,,,,,,,,,,33
4,,,,O,O,O,O,,,,,33
8,,,O,O,O,O,O,O,,,,33
1,,O,O,,,,,O,O,,,33
2,,O,O,,,,,O,O,,,33
4,,O,O,,,,,O,O,,,33
8,,O,O,O,O,O,O,O,O,,,33
1,,O,O,O,O,O,O,O,O,,,33
2,,O,O,,,,,O,O,,,33
4,,O,O,,,,,O,O,,,33
8,,O,O,,,,,O,O,,,33
1,,O,O,,,,,O,O,,,33
2,,O,O,,,,,O,O,,,33
4,,O,O,,,,,O,O,,,33
8,,,,,,,,,,,,33
1,,,,,,,,,,,,34
2,,,,,,,,,,,,34
4,,O,O,O,O,O,O,,,,,34
8,,O,O,O,O,O,O,O,,,,34
1,,O,O,,,,,O,O,,,34
2,,O,O,,,,,O,O,,,34
4,,O,O,,,,,O,O,,,34
8,,O,O,O,O,O,O,O,,,,34
1,,O,O,O,O,O,O,O,,,,34
2,,O,O,,,,,O,O,,,34
4,,O,O,,,,,O,O,,,34
8,,O,O,,,,,O,O,,,34
1,,O,O,,,,,O,O,,,34
2,,O,O,O,O,O,O,O,,,,34
4,,O,O,O,O,O,O,,,,,34
8,,,,,,,,,,,,34
1,,,,,,,,,,,,35
2,,,,,,,,,,,,35
4,,,,O,O,O,O,,,,,35
8,,,O,O,O,O,O,O,,,,35
1,,O,O,,,,,O,O,,,35
2,,O,O,,,,,O,O,,,35
4,,O,O,,,,,,,,,35
8,,O,O,,,,,,,,,35
1,,O,O,,,,,,,,,35
2,,O,O,,,,,,,,,35
4,,O,O,,,,,,,,,35
8,,O,O,,,,,O,O,,,35
1,,O,O,,,,,O,O,,,35
2,,,O,O,O,O,O,O,,,,35
4,,,,O,O,O,O,,,,,35
8,,,,,,,,,,,,35
1,,,,,,,,,,,,36
2,,,,,,,,,,,,36
4,,O,O,O,O,O,O,,,,,36
8,,O,O,O,O,O,O,O,,,,36
1,,O,O,,,,,O,O,,,36
2,,O,O,,,,,O,O,,,36
4,,O,O,,,,,O,O,,,36
8,,O,O,,,,,O,O,,,36
1,,O,O,,,,,O,O,,,36
2,,O,O,,,,,O,O,,,36
4,,O,O,,,,,O,O,,,36
8,,O,O,,,,,O,O,,,36
1,,O,O,,,,,O,O,,,36
2,,O,O,O,O,O,O,O,,,,36
4,,O,O,O,O,O,O,,,,,36
8,,,,,,,,,,,,36
1,,,,,,,,,,,,37
2,,,,,,,,,,,,37
4,,O,O,O,O,O,O,O,O,,,37
8,,O,O,O,O,O,O,O,O,,,37
1,,O,O,,,,,,,,,37
2,,O,O,,,,,,,,,37
4,,O,O,,,,,,,,,37
8,,O,O,O,O,O,O,O,,,,37
1,,O,O,O,O,O,O,O,,,,37
2,,O,O,,,,,,,,,37
4,,O,O,,,,,,,,,37
8,,O,O,,,,,,,,,37
1,,O,O,,,,,,,,,37
2,,O,O,O,O,O,O,O,O,,,37
4,,O,O,O,O,O,O,O,O,,,37
8,,,,,,,,,,,,37
1,,,,,,,,,,,,38
2,,,,,,,,,,,,38
4,,O,O,O,O,O,O,O,O,,,38
8,,O,O,O,O,O,O,O,O,,,38
1,,O,O,,,,,,,,,38
2,,O,O,,,,,,,,,38
4,,O,O,,,,,,,,,38
8,,O,O,O,O,O,O,O,,,,38
1,,O,O,O,O,O,O,O,,,,38
2,,O,O,,,,,,,,,38
4,,O,O,,,,,,,,,38
8,,O,O,,,,,,,,,38
1,,O,O,,,,,,,,,38
2,,O,O,,,,,,,,,38
4,,O,O,,,,,,,,,38
8,,,,,,,,,,,,38
1,,,,,,,,,,,,39
2,,,,,,,,,,,,39
4,,,,O,O,O,O,,,,,39
8,,,O,O,O,O,O,O,,,,39
1,,O,O,,,,,O,O,,,39
2,,O,O,,,,,,,,,39
4,,O,O,,,,,,,,,39
8,,O,O,,,,,,,,,39
1,,O,O,,,O,O,O,O,,,39
2,,O,O,,,O,O,O,O,,,39
4,,O,O,,,,,O,O,,,39
8,,O,O,,,,,O,O,,,39
1,,O,O,,,,,O,O,,,39
2,,,O,O,O,O,O,O,,,,39
4,,,,O,O,O,O,,,,,39
8,,,,,,,,,,,,39
1,,,,,,,,,,,,40
2,,,,,,,,,,,,40
4,,O,O,,,,,O,O,,,40
8,,O,O,,,,,O,O,,,40
1,,O,O,,,,,O,O,,,40
2,,O,O,,,,,O,O,,,40
4,,O,O,,,,,O,O,,,40
8,,O,O,O,O,O,O,O,O,,,40
1,,O,O,O,O,O,O,O,O,,,40
2,,O,O,,,,,O,O,,,40
4,,O,O,,,,,O,O,,,40
8,,O,O,,,,,O,O,,,40
1,,O,O,,,,,O,O,,,40
2,,O,O,,,,,O,O,,,40
4,,O,O,,,,,O,O,,,40
8,,,,,,,,,,,,40
1,,,,,,,,,,,,41
2,,,,,,,,,,,,41
4,,O,O,,,,,,,,,41
8,,O,O,,,,,,,,,41
1,,O,O,,,,,,,,,41
2,,O,O,,,,,,,,,41
4,,O,O,,,,,,,,,41
8,,O,O,,,,,,,,,41
1,,O,O,,,,,,,,,41
2,,O,O,,,,,,,,,41
4,,O,O,,,,,,,,,41
8,,O,O,,,,,,,,,41
1,,O,O,,,,,,,,,41
2,,O,O,,,,,,,,,41
4,,O,O,,,,,,,,,41
8,,,,,,,,,,,,41
1,,,,,,,,,,,,42
2,,,,,,,,,,,,42
4,,,O,O,O,O,O,O,O,,,42
8,,,O,O,O,O,O,O,O,,,42
1,,,,,,,,O,O,,,42
2,,,,,,,,O,O,,,42
4,,,,,,,,O,O,,,42
8,,,,,,,,O,O,,,42
1,,,,,,,,O,O,,,42
2,,,,,,,,O,O,,,42
4,,,,,,,,O,O,,,42
8,,O,O,,,,,O,O,,,42
1,,O,O,,,,,O,O,,,42
2,,,O,O,O,O,O,O,,,,42
4,,,,O,O,O,O,,,,,42
8,,,,,,,,,,,,42
1,,,,,,,,,,,,43
2,,,,,,,,,,,,43
4,,O,O,,,,,O,O,,,43
8,,O,O,,,,O,O,O,,,43
1,,O,O,,,O,O,O,,,,43
2,,O,O,,O,O,O,,,,,43
4,,O,O,O,O,O,,,,,,43
8,,O,O,O,O,,,,,,,43
1,,O,O,O,,,,,,,,43
2,,O,O,O,O,,,,,,,43
4,,O,O,O,O,O,,,,,,43
8,,O,O,,O,O,O,,,,,43
1,,O,O,,,O,O,O,,,,43
2,,O,O,,,,O,O,O,,,43
4,,O,O,,,,,O,O,,,43
8,,,,,,,,,,,,43
1,,,,,,,,,,,,44
2,,,,,,,,,,,,44
4,,O,O,,,,,,,,,44
8,,O,O,,,,,,,,,44
1,,O,O,,,,,,,,,44
2,,O,O,,,,,,,,,44
4,,O,O,,,,,,,,,44
8,,O,O,,,,,,,,,44
1,,O,O,,,,,,,,,44
2,,O,O,,,,,,,,,44
4,,O,O,,,,,,,,,44
8,,O,O,,,,,,,,,44
1,,O,O,,,,,,,,,44
2,,O,O,O,O,O,O,O,O,,,44
4,,O,O,O,O,O,O,O,O,,,44
8,,,,,,,,,,,,44
1,,,,,,,,,,,,45
2,,,,,,,,,,,,45
4,,,,O,O,,,O,O,,,45
8,,,O,O,O,O,O,O,O,O,,45
1,,O,O,O,O,O,O,O,O,O,O,45
2,,O,O,,,O,O,,,O,O,45
4,,O,O,,,O,O,,,O,O,45
8,,O,O,,,O,O,,,O,O,45
1,,O,O,,,O,O,,,O,O,45
2,,O,O,,,O,O,,,O,O,45
4,,O,O,,,O,O,,,O,O,45
8,,O,O,,,O,O,,,O,O,45
1,,O,O,,,O,O,,,O,O,45
2,,O,O,,,O,O,,,O,O,45
4,,O,O,,,O,O,,,O,O,45
8,,,,,,,,,,,,45
1,,,,,,,,,,,,46
2,,,,,,,,,,,,46
4,,O,O,,,,,O,O,,,46
8,,O,O,,,,,O,O,,,46
1,,O,O,O,,,,O,O,,,46
2,,O,O,O,O,,,O,O,,,46
4,,O,O,O,O,O,,O,O,,,46
8,,O,O,,O,O,O,O,O,,,46
1,,O,O,,,O,O,O,O,,,46
2,,O,O,,,,O,O,O,,,46
4,,O,O,,,,,O,O,,,46
8,,O,O,,,,,O,O,,,46
1,,O,O,,,,,O,O,,,46
2,,O,O,,,,,O,O,,,46
4,,O,O,,,,,O,O,,,46
8,,,,,,,,,,,,46
1,,,,,,,,,,,,47
2,,,,,,,,,,,,47
4,,,,O,O,O,O,,,,,47
8,,,O,O,O,O,O,O,,,,47
1,,O,O,,,,,O,O,,,47
2,,O,O,,,,,O,O,,,47
4,,O,O,,,,,O,O,,,47
8,,O,O,,,,,O,O,,,47
1,,O,O,,,,,O,O,,,47
2,,O,O,,,,,O,O,,,47
4,,O,O,,,,,O,O,,,47
8,,O,O,,,,,O,O,,,47
1,,O,O,,,,,O,O,,,47
2,,,O,O,O,O,O,O,,,,47
4,,,,O,O,O,O,,,,,47
8,,,,,,,,,,,,47
1,,,,,,,,,,,,48
2,,,,,,,,,,,,48
4,,O,O,O,O,O,O,,,,,48
8,,O,O,O,O,O,O,O,,,,48
1,,O,O,,,,,O,O,,,48
2,,O,O,,,,,O,O,,,48
4,,O,O,,,,,O,O,,,48
8,,O,O,O,O,O,O,O,,,,48
1,,O,O,O,O,O,O,,,,,48
2,,O,O,,,,,,,,,48
4,,O,O,,,,,,,,,48
8,,O,O,,,,,,,,,48
1,,O,O,,,,,,,,,48
2,,O,O,,,,,,,,,48
4,,O,O,,,,,,,,,48
8,,,,,,,,,,,,48
1,,,,,,,,,,,,49
2,,,,,,,,,,,,49
4,,,,O,O,O,O,,,,,49
8,,,O,O,O,O,O,O,,,,49
1,,O,O,,,,,O,O,,,49
2,,O,O,,,,,O,O,,,49
4,,O,O,,,,,O,O,,,49
8,,O,O,,,,,O,O,,,49
1,,O,O,,,,,O,O,,,49
2,,O,O,,O,,,O,O,,,49
4,,O,O,,O,O,,O,O,,,49
8,,O,O,,,O,O,O,O,,,49
1,,O,O,,,,O,O,O,,,49
2,,,O,O,O,O,O,O,O,,,49
4,,,,O,O,O,O,,O,,,49
8,,,,,,,,,,,,49
1,,,,,,,,,,,,50
2,,,,,,,,,,,,50
4,,O,O,O,O,O,O,,,,,50
8,,O,O,O,O,O,O,O,,,,50
1,,O,O,,,,,O,O,,,50
2,,O,O,,,,,O,O,,,50
4,,O,O,,,,,O,O,,,50
8,,O,O,O,O,O,O,O,,,,50
1,,O,O,O,O,O,O,O,,,,50
2,,O,O,,,,,O,O,,,50
4,,O,O,,,,,O,O,,,50
8,,O,O,,,,,O,O,,,50
1,,O,O,,,,,O,O,,,50
2,,O,O,,,,,O,O,,,50
4,,O,O,,,,,O,O,,,50
8,,,,,,,,,,,,50
1,,,,,,,,,,,,51
2,,,,,,,,,,,,51
4,,,,O,O,O,O,O,,,,51
8,,,O,O,O,O,O,O,O,,,51
1,,O,O,,,,,,,,,51
2,,O,O,,,,,,,,,51
4,,O,O,,,,,,,,,51
8,,,O,O,O,O,O,,,,,51
1,,,,O,O,O,O,O,,,,51
2,,,,,,,,O,O,,,51
4,,,,,,,,O,O,,,51
8,,,,,,,,O,O,,,51
1,,,,,,,,O,O,,,51
2,,O,O,O,O,O,O,O,,,,51
4,,,O,O,O,O,O,,,,,51
8,,,,,,,,,,,,51
1,,,,,,,,,,,,52
2,,,,,,,,,,,,52
4,,O,O,O,O,O,O,O,O,,,52
8,,O,O,O,O,O,O,O,O,,,52
1,,,,,O,O,,,,,,52
2,,,,,O,O,,,,,,52
4,,,,,O,O,,,,,,52
8,,,,,O,O,,,,,,52
1,,,,,O,O,,,,,,52
2,,,,,O,O,,,,,,52
4,,,,,O,O,,,,,,52
8,,,,,O,O,,,,,,52
1,,,,,O,O,,,,,,52
2,,,,,O,O,,,,,,52
4,,,,,O,O,,,,,,52
8,,,,,,,,,,,,52
1,,,,,,,,,,,,53
2,,,,,,,,,,,,53
4,,O,O,,,,,O,O,,,53
8,,O,O,,,,,O,O,,,53
1,,O,O,,,,,O,O,,,53
2,,O,O,,,,,O,O,,,53
4,,O,O,,,,,O,O,,,53
8,,O,O,,,,,O,O,,,53
1,,O,O,,,,,O,O,,,53
2,,O,O,,,,,O,O,,,53
4,,O,O,,,,,O,O,,,53
8,,O,O,,,,,O,O,,,53
1,,O,O,,,,,O,O,,,53
2,,,O,O,O,O,O,O,,,,53
4,,,,O,O,O,O,,,,,53
8,,,,,,,,,,,,53
1,,,,,,,,,,,,54
2,,,,,,,,,,,,54
4,,O,O,,,,,O,O,,,54
8,,O,O,,,,,O,O,,,54
1,,O,O,,,,,O,O,,,54
2,,O,O,,,,,O,O,,,54
4,,O,O,,,,,O,O,,,54
8,,O,O,,,,,O,O,,,54
1,,O,O,,,,,O,O,,,54
2,,O,O,,,,,O,O,,,54
4,,O,O,,,,,O,O,,,54
8,,O,O,,,,,O,O,,,54
1,,,O,O,,,O,O,,,,54
2,,,,O,O,O,O,,,,,54
4,,,,,O,O,,,,,,54
8,,,,,,,,,,,,54
1,,,,,,,,,,,,55
2,,,,,,,,,,,,55
4,,O,O,,,O,O,,,O,O,55
8,,O,O,,,O,O,,,O,O,55
1,,O,O,,,O,O,,,O,O,55
2,,O,O,,,O,O,,,O,O,55
4,,O,O,,,O,O,,,O,O,55
8,,O,O,,,O,O,,,O,O,55
1,,O,O,,,O,O,,,O,O,55
2,,O,O,,,O,O,,,O,O,55
4,,O,O,,,O,O,,,O,O,55
8,,O,O,,,O,O,,,O,O,55
1,,O,O,O,O,O,O,O,O,O,O,55
2,,,O,O,O,O,O,O,O,O,,55
4,,,,O,O,,,O,O,,,55
8,,,,,,,,,,,,55
1,,,,,,,,,,,,56
2,,,,,,,,,,,,56
4,,O,O,,,,,O,O,,,56
8,,O,O,,,,,O,O,,,56
1,,O,O,,,,,O,O,,,56
2,,,O,O,,,O,O,,,,56
4,,,,O,O,O,O,,,,,56
8,,,,,O,O,,,,,,56
1,,,,,O,O,,,,,,56
2,,,,,O,O,,,,,,56
4,,,,O,O,O,O,,,,,56
8,,,O,O,,,O,O,,,,56
1,,O,O,,,,,O,O,,,56
2,,O,O,,,,,O,O,,,56
4,,O,O,,,,,O,O,,,56
8,,,,,,,,,,,,56
1,,,,,,,,,,,,57
2,,,,,,,,,,,,57
4,,O,O,,,,,O,O,,,57
8,,O,O,,,,,O,O,,,57
1,,O,O,,,,,O,O,,,57
2,,O,O,,,,,O,O,,,57
4,,O,O,,,,,O,O,,,57
8,,,O,O,O,O,O,O,,,,57
1,,,,O,O,O,O,,,,,57
2,,,,,O,O,,,,,,57
4,,,,,O,O,,,,,,57
8,,,,,O,O,,,,,,57
1,,,,,O,O,,,,,,57
2,,,,,O,O,,,,,,57
4,,,,,O,O,,,,,,57
8,,,,,,,,,,,,57
1,,,,,,,,,,,,58
2,,,,,,,,,,,,58
4,,O,O,O,O,O,O,O,O,O,,58
8,,O,O,O,O,O,O,O,O,O,,58
1,,,,,,,,,O,O,,58
2,,,,,,,,O,O,O,,58
4,,,,,,,O,O,O,,,58
8,,,,,,O,O,O,,,,58
1,,,,,O,O,O,,,,,58
2,,,,O,O,O,,,,,,58
4,,,O,O,O,,,,,,,58
8,,O,O,O,,,,,,,,58
1,,O,O,,,,,,,,,58
2,,O,O,O,O,O,O,O,O,O,,58
4,,O,O,O,O,O,O,O,O,O,,58
8,,,,,,,,,,,,58
1,,,,,,,,,,,,59
2,,,,,,,,,,,,59
4,,O,O,O,O,O,,,,,,59
8,,O,O,O,O,O,,,,,,59
1,,O,O,,,,,,,,,59
2,,O,O,,,,,,,,,59
4,,O,O,,,,,,,,,59
8,,O,O,,,,,,,,,59
1,,O,O,,,,,,,,,59
2,,O,O,,,,,,,,,59
4,,O,O,,,,,,,,,59
8,,O,O,,,,,,,,,59
1,,O,O,,,,,,,,,59
2,,O,O,O,O,O,,,,,,59
4,,O,O,O,O,O,,,,,,59
8,,,,,,,,,,,,59
1,,,,,,,,,,,,60
2,,,,,,,,,,,,60
4,,,,,,,,,,,,60
8,,O,O,,,,,,,,,60
1,,O,O,,,,,,,,,60
2,,,O,O,,,,,,,,60
4,,,O,O,,,,,,,,60
8,,,,O,O,,,,,,,60
1,,,,O,O,,,,,,,60
2,,,,,O,O,,,,,,60
4,,,,,O,O,,,,,,60
8,,,,,,O,O,,,,,60
1,,,,,,O,O,,,,,60
2,,,,,,,O,O,,,,60
4,,,,,,,O,O,,,,60
8,,,,,,,,,,,,60
1,,,,,,,,,,,,61
2,,,,,,,,,,,,61
4,,O,O,O,O,O,,,,,,61
8,,O,O,O,O,O,,,,,,61
1,,,,,O,O,,,,,,61
2,,,,,O,O,,,,,,61
4,,,,,O,O,,,,,,61
8,,,,,O,O,,,,,,61
1,,,,,O,O,,,,,,61
2,,,,,O,O,,,,,,61
4,,,,,O,O,,,,,,61
8,,,,,O,O,,,,,,61
1,,,,,O,O,,,,,,61
2,,O,O,O,O,O,,,,,,61
4,,O,O,O,O,O,,,,,,61
8,,,,,,,,,,,,61
1,,,,,,,,,,,,62
2,,,,,,,,,,,,62
4,,,,,,,,,,,,62
8,,,,,O,O,,,,,,62
1,,,,O,O,O,O,,,,,62
2,,,O,O,,,O,O,,,,62
4,,O,O,,,,,O,O,,,62
8,,,,,,,,,,,,62
1,,,,,,,,,,,,62
2,,,,,,,,,,,,62
4,,,,,,,,,,,,62
8,,,,,,,,,,,,62
1,,,,,,,,,,,,62
2,,,,,,,,,,,,62
4,,,,,,,,,,,,62
8,,,,,,,,,,,,62
1,,,,,,,,,,,,63
2,,,,,,,,,,,,63
4,,,,,,,,,,,,63
8,,,,,,,,,,,,63
1,,,,,,,,,,,,63
2,,,,,,,,,,,,63
4,,,,,,,,,,,,63
8,,,,,,,,,,,,63
1,,,,,,,,,,,,63
2,,,,,,,,,,,,63
4,,,,,,,,,,,,63
8,,,,,,,,,,,,63
1,,,,,,,,,,,,63
2,,,,,,,,,,,,63
4,,O,O,O,O,O,O,O,O,O,,63
8,,O,O,O,O,O,O,O,O,O,,63
1,,,,,,,,,,,,64
2,,,,,,,,,,,,64
4,,,,,,,,,,,,64
8,,O,O,,,,,,,,,64
1,,,O,O,,,,,,,,64
2,,,,,,,,,,,,64
4,,,,,,,,,,,,64
8,,,,,,,,,,,,64
1,,,,,,,,,,,,64
2,,,,,,,,,,,,64
4,,,,,,,,,,,,64
8,,,,,,,,,,,,64
1,,,,,,,,,,,,64
2,,,,,,,,,,,,64
4,,,,,,,,,,,,64
8,,,,,,,,,,,,64
1,,,,,,,,,,,,65
2,,,,,,,,,,,,65
4,,,,,,,,,,,,65
8,,,,,,,,,,,,65
1,,,,,,,,,,,,65
2,,,,O,O,O,O,,,,,65
4,,,O,O,O,O,O,O,,,,65
8,,,,,,,,O,O,,,65
1,,,,,,,,O,O,,,65
2,,,O,O,O,O,O,O,O,,,65
4,,O,O,O,O,O,O,O,O,,,65
8,,O,O,,,,,O,O,,,65
1,,O,O,,,,,O,O,,,65
2,,,O,O,O,O,O,O,O,,,65
4,,,,O,O,O,O,O,O,,,65
8,,,,,,,,,,,,65
1,,,,,,,,,,,,66
2,,,,,,,,,,,,66
4,,O,O,,,,,,,,,66
8,,O,O,,,,,,,,,66
1,,O,O,,,,,,,,,66
2,,O,O,,,,,,,,,66
4,,O,O,O,O,O,O,,,,,66
8,,O,O,O,O,O,O,O,,,,66
1,,O,O,,,,,O,O,,,66
2,,O,O,,,,,O,O,,,66
4,,O,O,,,,,O,O,,,66
8,,O,O,,,,,O,O,,,66
1,,O,O,,,,,O,O,,,66
2,,O,O,O,O,O,O,O,,,,66
4,,O,O,O,O,O,O,,,,,66
8,,,,,,,,,,,,66
1,,,,,,,,,,,,67
2,,,,,,,,,,,,67
4,,,,,,,,,,,,67
8,,,,,,,,,,,,67
1,,,,,,,,,,,,67
2,,,,O,O,O,O,,,,,67
4,,,O,O,O,O,O,O,,,,67
8,,O,O,,,,,O,O,,,67
1,,O,O,,,,,,,,,67
2,,O,O,,,,,,,,,67
4,,O,O,,,,,,,,,67
8,,O,O,,,,,,,,,67
1,,O,O,,,,,O,O,,,67
2,,,O,O,O,O,O,O,,,,67
4,,,,O,O,O,O,,,,,67
8,,,,,,,,,,,,67
1,,,,,,,,,,,,68
2,,,,,,,,,,,,68
4,,,,,,,,O,O,,,68
8,,,,,,,,O,O,,,68
1,,,,,,,,O,O,,,68
2,,,,,,,,O,O,,,68
4,,,,O,O,O,O,O,O,,,68
8,,,O,O,O,O,O,O,O,,,68
1,,O,O,,,,,O,O,,,68
2,,O,O,,,,,O,O,,,68
4,,O,O,,,,,O,O,,,68
8,,O,O,,,,,O,O,,,68
1,,O,O,,,,,O,O,,,68
2,,,O,O,O,O,O,O,O,,,68
4,,,,O,O,O,O,O,O,,,68
8,,,,,,,,,,,,68
1,,,,,,,,,,,,69
2,,,,,,,,,,,,69
4,,,,,,,,,,,,69
8,,,,,,,,,,,,69
1,,,,,,,,,,,,69
2,,,,O,O,O,O,,,,,69
4,,,O,O,O,O,O,O,,,,69
8,,O,O,,,,,O,O,,,69
1,,O,O,,,,,O,O,,,69
2,,O,O,O,O,O,O,O,O,,,69
4,,O,O,O,O,O,O,O,O,,,69
8,,O,O,,,,,,,,,69
1,,O,O,,,,,,,,,69
2,,,O,O,O,O,O,O,,,,69
4,,,,O,O,O,O,,,,,69
8,,,,,,,,,,,,69
1,,,,,,,,,,,,70
2,,,,,,,,,,,,70
4,,,,,O,O,O,,,,,70
8,,,,O,O,O,O,O,,,,70
1,,,O,O,,,,O,O,,,70
2,,,O,O,,,,,,,,70
4,,,O,O,,,,,,,,70
8,,O,O,O,O,O,O,,,,,70
1,,O,O,O,O,O,O,,,,,70
2,,,O,O,,,,,,,,70
4,,,O,O,,,,,,,,70
8,,,O,O,,,,,,,,70
1,,,O,O,,,,,,,,70
2,,,O,O,,,,,,,,70
4,,,O,O,,,,,,,,70
8,,,,,,,,,,,,70
1,,,,,,,,,,,,71
2,,,,,,,,,,,,71
4,,,,,,,,,,,,71
8,,,,,,,,,,,,71
1,,,,,,,,,,,,71
2,,,,O,O,O,O,O,O,,,71
4,,,O,O,O,O,O,O,O,,,71
8,,O,O,,,,,O,O,,,71
1,,O,O,,,,,O,O,,,71
2,,O,O,,,,,O,O,,,71
4,,O,O,O,O,O,O,O,O,,,71
8,,,O,O,O,O,O,O,O,,,71
1,,,,,,,,O,O,,,71
2,,O,O,,,,,O,O,,,71
4,,,O,O,O,O,O,O,,,,71
8,,,,O,O,O,O,,,,,71
1,,,,,,,,,,,,72
2,,,,,,,,,,,,72
4,,O,O,,,,,,,,,72
8,,O,O,,,,,,,,,72
1,,O,O,,,,,,,,,72
2,,O,O,,,,,,,,,72
4,,O,O,O,O,O,O,,,,,72
8,,O,O,O,O,O,O,O,,,,72
1,,O,O,,,,,O,O,,,72
2,,O,O,,,,,O,O,,,72
4,,O,O,,,,,O,O,,,72
8,,O,O,,,,,O,O,,,72
1,,O,O,,,,,O,O,,,72
2,,O,O,,,,,O,O,,,72
4,,O,O,,,,,O,O,,,72
8,,,,,,,,,,,,72
1,,,,,,,,,,,,73
2,,,,,,,,,,,,73
4,,O,O,,,,,,,,,73
8,,O,O,,,,,,,,,73
1,,,,,,,,,,,,73
2,,O,O,,,,,,,,,73
4,,O,O,,,,,,,,,73
8,,O,O,,,,,,,,,73
1,,O,O,,,,,,,,,73
2,,O,O,,,,,,,,,73
4,,O,O,,,,,,,,,73
8,,O,O,,,,,,,,,73
1,,O,O,,,,,,,,,73
2,,O,O,,,,,,,,,73
4,,O,O,,,,,,,,,73
8,,,,,,,,,,,,73
1,,,,,,,,,,,,74
2,,,,,,,,,,,,74
4,,,,,,,,O,O,,,74
8,,,,,,,,O,O,,,74
1,,,,,,,,,,,,74
2,,,,,,,,O,O,,,74
4,,,,,,,,O,O,,,74
8,,,,,,,,O,O,,,74
1,,,,,,,,O,O,,,74
2,,,,,,,,O,O,,,74
4,,,,,,,,O,O,,,74
8,,,,,,,,O,O,,,74
1,,,,,,,,O,O,,,74
2,,O,O,,,,,O,O,,,74
4,,,O,O,O,O,O,O,,,,74
8,,,,O,O,O,O,,,,,74
1,,,,,,,,,,,,75
2,,,,,,,,,,,,75
4,,O,O,,,,,,,,,75
8,,O,O,,,,,,,,,75
1,,O,O,,,,,,,,,75
2,,O,O,,,,O,O,,,,75
4,,O,O,,,O,O,,,,,75
8,,O,O,,O,O,,,,,,75
1,,O,O,O,O,,,,,,,75
2,,O,O,O,,,,,,,,75
4,,O,O,O,O,,,,,,,75
8,,O,O,,O,O,,,,,,75
1,,O,O,,,O,O,,,,,75
2,,O,O,,,,O,O,,,,75
4,,O,O,,,,,O,,,,75
8,,,,,,,,,,,,75
1,,,,,,,,,,,,76
2,,,,,,,,,,,,76
4,,O,O,,,,,,,,,76
8,,O,O,,,,,,,,,76
1,,O,O,,,,,,,,,76
2,,O,O,,,,,,,,,76
4,,O,O,,,,,,,,,76
8,,O,O,,,,,,,,,76
1,,O,O,,,,,,,,,76
2,,O,O,,,,,,,,,76
4,,O,O,,,,,,,,,76
8,,O,O,,,,,,,,,76
1,,O,O,,,,,O,O,,,76
2,,,O,O,O,O,O,O,,,,76
4,,,,O,O,O,O,,,,,76
8,,,,,,,,,,,,76
1,,,,,,,,,,,,77
2,,,,,,,,,,,,77
4,,,,,,,,,,,,77
8,,,,,,,,,,,,77
1,,,,,,,,,,,,77
2,,,,O,O,,,O,O,,,77
4,,,O,O,O,O,O,O,O,O,,77
8,,O,O,,,O,O,,,O,O,77
1,,O,O,,,O,O,,,O,O,77
2,,O,O,,,O,O,,,O,O,77
4,,O,O,,,O,O,,,O,O,77
8,,O,O,,,O,O,,,O,O,77
1,,O,O,,,O,O,,,O,O,77
2,,O,O,,,O,O,,,O,O,77
4,,O,O,,,O,O,,,O,O,77
8,,,,,,,,,,,,77
1,,,,,,,,,,,,78
2,,,,,,,,,,,,78
4,,,,,,,,,,,,78
8,,,,,,,,,,,,78
1,,,,,,,,,,,,78
2,,O,O,O,O,O,O,,,,,78
4,,O,O,O,O,O,O,O,,,,78
8,,O,O,,,,,O,O,,,78
1,,O,O,,,,,O,O,,,78
2,,O,O,,,,,O,O,,,78
4,,O,O,,,,,O,O,,,78
8,,O,O,,,,,O,O,,,78
1,,O,O,,,,,O,O,,,78
2,,O,O,,,,,O,O,,,78
4,,O,O,,,,,O,O,,,78
8,,,,,,,,,,,,78
1,,,,,,,,,,,,79
2,,,,,,,,,,,,79
4,,,,,,,,,,,,79
8,,,,,,,,,,,,79
1,,,,,,,,,,,,79
2,,,,O,O,O,O,,,,,79
4,,,O,O,O,O,O,O,,,,79
8,,O,O,,,,,O,O,,,79
1,,O,O,,,,,O,O,,,79
2,,O,O,,,,,O,O,,,79
4,,O,O,,,,,O,O,,,79
8,,O,O,,,,,O,O,,,79
1,,O,O,,,,,O,O,,,79
2,,,O,O,O,O,O,O,,,,79
4,,,,O,O,O,O,,,,,79
8,,,,,,,,,,,,79
1,,,,,,,,,,,,80
2,,,,,,,,,,,,80
4,,,,,,,,,,,,80
8,,,,,,,,,,,,80
1,,O,O,O,O,O,O,,,,,80
2,,O,O,O,O,O,O,O,,,,80
4,,O,O,,,,,O,O,,,80
8,,O,O,,,,,O,O,,,80
1,,O,O,,,,,O,O,,,80
2,,O,O,O,O,O,O,O,,,,80
4,,O,O,O,O,O,O,,,,,80
8,,O,O,,,,,,,,,80
1,,O,O,,,,,,,,,80
2,,O,O,,,,,,,,,80
4,,O,O,,,,,,,,,80
8,,O,O,,,,,,,,,80
1,,,,,,,,,,,,81
2,,,,,,,,,,,,81
4,,,,,,,,,,,,81
8,,,,,,,,,,,,81
1,,,,O,O,O,O,,,,,81
2,,,O,O,O,O,O,O,,,,81
4,,O,O,,,,,O,O,,,81
8,,O,O,,,,,O,O,,,81
1,,O,O,,,,,O,O,,,81
2,,,O,O,O,O,O,O,O,,,81
4,,,,O,O,O,O,O,O,,,81
8,,,,,,,,O,O,,,81
1,,,,,,,,O,O,,,81
2,,,,,,,,O,O,,,81
4,,,,,,,,O,O,,,81
8,,,,,,,,O,O,,,81
1,,,,,,,,,,,,82
2,,,,,,,,,,,,82
4,,,,,,,,,,,,82
8,,,,,,,,,,,,82
1,,,,,,,,,,,,82
2,,,O,O,O,O,O,,,,,82
4,,O,O,O,O,O,O,O,,,,82
8,,O,O,,,,,O,O,,,82
1,,O,O,,,,,,,,,82
2,,O,O,,,,,,,,,82
4,,O,O,,,,,,,,,82
8,,O,O,,,,,,,,,82
1,,O,O,,,,,,,,,82
2,,O,O,,,,,,,,,82
4,,O,O,,,,,,,,,82
8,,,,,,,,,,,,82
1,,,,,,,,,,,,83
2,,,,,,,,,,,,83
4,,,,,,,,,,,,83
8,,,,,,,,,,,,83
1,,,,,,,,,,,,83
2,,,,O,O,O,O,,,,,83
4,,,O,O,O,O,O,O,,,,83
8,,O,O,,,,,,,,,83
1,,O,O,,,,,,,,,83
2,,,O,O,O,O,O,,,,,83
4,,,,O,O,O,O,O,,,,83
8,,,,,,,,O,O,,,83
1,,,,,,,,O,O,,,83
2,,,O,O,O,O,O,O,,,,83
4,,,,O,O,O,O,,,,,83
8,,,,,,,,,,,,83
1,,,,,,,,,,,,84
2,,,,,,,,,,,,84
4,,,O,O,,,,,,,,84
8,,,O,O,,,,,,,,84
1,,,O,O,,,,,,,,84
2,,O,O,O,O,O,O,,,,,84
4,,O,O,O,O,O,O,,,,,84
8,,,O,O,,,,,,,,84
1,,,O,O,,,,,,,,84
2,,,O,O,,,,,,,,84
4,,,O,O,,,,,,,,84
8,,,O,O,,,,,,,,84
1,,,O,O,,,,O,O,,,84
2,,,,O,O,O,O,O,,,,84
4,,,,,O,O,O,,,,,84
8,,,,,,,,,,,,84
1,,,,,,,,,,,,85
2,,,,,,,,,,,,85
4,,,,,,,,,,,,85
8,,,,,,,,,,,,85
1,,,,,,,,,,,,85
2,,O,O,,,,,O,O,,,85
4,,O,O,,,,,O,O,,,85
8,,O,O,,,,,O,O,,,85
1,,O,O,,,,,O,O,,,85
2,,O,O,,,,,O,O,,,85
4,,O,O,,,,,O,O,,,85
8,,O,O,,,,,O,O,,,85
1,,O,O,,,,,O,O,,,85
2,,,O,O,O,O,O,O,,,,85
4,,,,O,O,O,O,,,,,85
8,,,,,,,,,,,,85
1,,,,,,,,,,,,86
2,,,,,,,,,,,,86
4,,,,,,,,,,,,86
8,,,,,,,,,,,,86
1,,,,,,,,,,,,86
2,,O,O,,,,O,O,,,,86
4,,O,O,,,,O,O,,,,86
8,,O,O,,,,O,O,,,,86
1,,O,O,,,,O,O,,,,86
2,,O,O,,,,O,O,,,,86
4,,O,O,,,,O,O,,,,86
8,,O,O,O,,O,O,O,,,,86
1,,,O,O,O,O,O,,,,,86
2,,,,O,O,O,,,,,,86
4,,,,,O,,,,,,,86
8,,,,,,,,,,,,86
1,,,,,,,,,,,,87
2,,,,,,,,,,,,87
4,,,,,,,,,,,,87
8,,,,,,,,,,,,87
1,,,,,,,,,,,,87
2,,O,O,,,O,O,,,O,O,87
4,,O,O,,,O,O,,,O,O,87
8,,O,O,,,O,O,,,O,O,87
1,,O,O,,,O,O,,,O,O,87
2,,O,O,,,O,O,,,O,O,87
4,,O,O,,,O,O,,,O,O,87
8,,O,O,,,O,O,,,O,O,87
1,,O,O,,,O,O,,,O,O,87
2,,,O,O,O,O,O,O,O,O,,87
4,,,,O,O,,,O,O,,,87
8,,,,,,,,,,,,87
1,,,,,,,,,,,,88
2,,,,,,,,,,,,88
4,,,,,,,,,,,,88
8,,,,,,,,,,,,88
1,,,,,,,,,,,,88
2,,O,O,,,,,O,O,,,88
4,,O,O,,,,,O,O,,,88
8,,,O,O,,,O,O,,,,88
1,,,,O,O,O,O,,,,,88
2,,,,,O,O,,,,,,88
4,,,,,O,O,,,,,,88
8,,,,O,O,O,O,,,,,88
1,,,O,O,,,O,O,,,,88
2,,O,O,,,,,O,O,,,88
4,,O,O,,,,,O,O,,,88
8,,,,,,,,,,,,88
1,,,,,,,,,,,,89
2,,,,,,,,,,,,89
4,,,,,,,,,,,,89
8,,,,,,,,,,,,89
1,,,,,,,,,,,,89
2,,O,O,,,,,O,O,,,89
4,,O,O,,,,,O,O,,,89
8,,O,O,,,,,O,O,,,89
1,,O,O,,,,,O,O,,,89
2,,,O,O,O,O,O,O,,,,89
4,,,,O,O,O,O,,,,,89
8,,,,,O,O,,,,,,89
1,,,,,O,O,,,,,,89
2,,,,,O,O,,,,,,89
4,,,,,O,O,,,,,,89
8,,,,,O,O,,,,,,89
1,,,,,,,,,,,,90
2,,,,,,,,,,,,90
4,,,,,,,,,,,,90
8,,,,,,,,,,,,90
1,,,,,,,,,,,,90
2,,O,O,O,O,O,O,O,,,,90
4,,O,O,O,O,O,O,O,,,,90
8,,,,,,,O,O,,,,90
1,,,,,,O,O,,,,,90
2,,,,,O,O,,,,,,90
4,,,,O,O,,,,,,,90
8,,,O,O,,,,,,,,90
1,,O,O,,,,,,,,,90
2,,O,O,O,O,O,O,O,,,,90
4,,O,O,O,O,O,O,O,,,,90
8,,,,,,,,,,,,90
1,,,,,,,,,,,,91
2,,,,,,,,,,,,91
4,,,,,O,O,O,,,,,91
8,,,,O,O,O,O,,,,,91
1,,,O,O,O,,,,,,,91
2,,,O,O,,,,,,,,91
4,,,O,O,,,,,,,,91
8,,,O,O,,,,,,,,91
1,,O,O,,,,,,,,,91
2,,,O,O,,,,,,,,91
4,,,O,O,,,,,,,,91
8,,,O,O,,,,,,,,91
1,,,O,O,O,,,,,,,91
2,,,,O,O,O,O,,,,,91
4,,,,,O,O,O,,,,,91
8,,,,,,,,,,,,91
1,,,,,,,,,,,,92
2,,,,,,,,,,,,92
4,,O,O,,,,,,,,,92
8,,O,O,,,,,,,,,92
1,,O,O,,,,,,,,,92
2,,O,O,,,,,,,,,92
4,,O,O,,,,,,,,,92
8,,O,O,,,,,,,,,92
1,,,,,,,,,,,,92
2,,O,O,,,,,,,,,92
4,,O,O,,,,,,,,,92
8,,O,O,,,,,,,,,92
1,,O,O,,,,,,,,,92
2,,O,O,,,,,,,,,92
4,,O,O,,,,,,,,,92
8,,,,,,,,,,,,92
1,,,,,,,,,,,,93
2,,,,,,,,,,,,93
4,,O,O,O,,,,,,,,93
8,,O,O,O,O,,,,,,,93
1,,,,O,O,O,,,,,,93
2,,,,,O,O,,,,,,93
4,,,,,O,O,,,,,,93
8,,,,,O,O,,,,,,93
1,,,,,,O,O,,,,,93
2,,,,,O,O,,,,,,93
4,,,,,O,O,,,,,,93
8,,,,,O,O,,,,,,93
1,,,,O,O,O,,,,,,93
2,,O,O,O,O,,,,,,,93
4,,O,O,O,,,,,,,,93
8,,,,,,,,,,,,93
1,,,,,,,,,,,,94
2,,,,,,,,,,,,94
4,,,O,O,,,,,,,,94
8,,O,,,O,,,O,,,,94
1,,,,,,O,O,,,,,94
2,,,,,,,,,,,,94
4,,,,,,,,,,,,94
8,,,,,,,,,,,,94
1,,,,,,,,,,,,94
2,,,,,,,,,,,,94
4,,,,,,,,,,,,94
8,,,,,,,,,,,,94
1,,,,,,,,,,,,94
2,,,,,,,,,,,,94
4,,,,,,,,,,,,94
8,,,,,,,,,,,,94
1,,,,,,,,,,,,95
2,,,,,,,,,,,,95
4,,,O,O,,,,,,,,95
8,,O,,,O,,,,,,,95
1,,O,,,O,,,,,,,95
2,,,O,O,,,,,,,,95
4,,,,,,,,,,,,95
8,,,,,,,,,,,,95
1,,,,,,,,,,,,95
2,,,,,,,,,,,,95
4,,,,,,,,,,,,95
8,,,,,,,,,,,,95
1,,,,,,,,,,,,95
2,,,,,,,,,,,,95
4,,,,,,,,,,,,95
8,,,,,,,,,,,,95
1,,,,,,,,,,,,96
2,,,,,,O,O,O,,,,96
4,,,,,O,O,O,O,O,,,96
8,,,,O,O,,,,O,O,,96
1,,,O,O,,,,,,,,96
2,,,O,O,,,,,,,,96
4,,O,O,O,O,O,O,O,,,,96
8,,,O,O,,,,,,,,96
1,,,O,O,,,,,,,,96
2,,O,O,O,O,O,O,,,,,96
4,,,O,O,,,,,,,,96
8,,,O,O,,,,,,,,96
1,,,,O,O,,,,O,O,,96
2,,,,,O,O,O,O,O,,,96
4,,,,,,O,O,O,,,,96
8,,,,,,,,,,,,96
1,,,,,,,,,,,,97
2,,,,,,,,,,,,97
4,,,,,,,,,,,,97
8,,,,,,,,,,,,97
1,,,,,,,,,,,,97
2,,,,,,,,,,,,97
4,,,,,,,,,,,,97
8,,,,,,,,,,,,97
1,,,,,,,,,,,,97
2,,,,,,,,,,,,97
4,,,,,,,,,,,,97
8,,,,,,,,,,,,97
1,,,,,,,,,,,,97
2,,,,,,,,,,,,97
4,,,,,,,,,,,,97
8,,,,,,,,,,,,97
1,,,,,,,,,,,,98
2,,,,,,,,,,,,98
4,,,,,,,,,,,,98
8,,,,,,,,,,,,98
1,,,,,,,,,,,,98
2,,,,,,,,,,,,98
4,,,,,,,,,,,,98
8,,,,,,,,,,,,98
1,,,,,,,,,,,,98
2,,,,,,,,,,,,98
4,,,,,,,,,,,,98
8,,O,O,,,,,,,,,98
1,,O,O,,,,,,,,,98
2,,,O,,,,,,,,,98
4,,O,,,,,,,,,,98
8,,,,,,,,,,,,98
1,,,,,,,,,,,,99
2,,,,,,O,O,O,,,,99
4,,,,,O,O,O,O,O,,,99
8,,,,,O,O,,,O,,,99
1,,,,,O,O,,,,,,99
2,,,O,O,O,O,O,O,,,,99
4,,,O,O,O,O,O,O,,,,99
8,,,,,O,O,,,,,,99
1,,,,,O,O,,,,,,99
2,,,,,O,O,,,,,,99
4,,,,,O,O,,,,,,99
8,,,,,O,O,,,,,,99
1,,O,,,O,O,,,,,,99
2,,O,O,O,O,O,,,,,,99
4,,,O,O,O,,,,,,,99
8,,,,,,,,,,,,99
1,,,,,,,,,,,,100
2,,,,,,,,,,,,100
4,,,,,,,,,,,,100
8,,,,,,,,,,,,100
1,,,,,,,,,,,,100
2,,,,,,,,,,,,100
4,,,,,,,,,,,,100
8,,,,,,,,,,,,100
1,,,,,,,,,,,,100
2,,,,,,,,,,,,100
4,,,,,,,,,,,,100
8,,O,O,,O,O,,,,,,100
1,,O,O,,O,O,,,,,,100
2,,,O,,,O,,,,,,100
4,,O,,,O,,,,,,,100
8,,,,,,,,,,,,100
1,,,,,,,,,,,,101
2,,,,,,,,,,,,101
4,,,,,,,,,,,,101
8,,,,,,,,,,,,101
1,,,,,,,,,,,,101
2,,,,,,,,,,,,101
4,,,,,,,,,,,,101
8,,,,,,,,,,,,101
1,,,,,,,,,,,,101
2,,,,,,,,,,,,101
4,,,,,,,,,,,,101
8,,O,O,,O,O,,O,O,,,101
1,,O,O,,O,O,,O,O,,,101
2,,,,,,,,,,,,101
4,,,,,,,,,,,,101
8,,,,,,,,,,,,101
1,,,,,,,,,,,,102
2,,,,O,O,,,,,,,102
4,,,,O,O,,,,,,,102
8,,,,O,O,,,,,,,102
1,,O,O,O,O,O,O,,,,,102
2,,O,O,O,O,O,O,,,,,102
4,,,,O,O,,,,,,,102
8,,,,O,O,,,,,,,102
1,,,,O,O,,,,,,,102
2,,,,O,O,,,,,,,102
4,,,,O,O,,,,,,,102
8,,,,O,O,,,,,,,102
1,,,,O,O,,,,,,,102
2,,,,O,O,,,,,,,102
4,,,,O,O,,,,,,,102
8,,,,,,,,,,,,102
1,,,,,,,,,,,,103
2,,,,O,O,,,,,,,103
4,,,,O,O,,,,,,,103
8,,,,O,O,,,,,,,103
1,,O,O,O,O,O,O,,,,,103
2,,O,O,O,O,O,O,,,,,103
4,,,,O,O,,,,,,,103
8,,,,O,O,,,,,,,103
1,,,,O,O,,,,,,,103
2,,,,O,O,,,,,,,103
4,,O,O,O,O,O,O,,,,,103
8,,O,O,O,O,O,O,,,,,103
1,,,,O,O,,,,,,,103
2,,,,O,O,,,,,,,103
4,,,,O,O,,,,,,,103
8,,,,,,,,,,,,103
1,,,,,,,,,,,,104
2,,,,,O,O,,,,,,104
4,,,,O,,,O,,,,,104
8,,,,,,,,,,,,104
1,,,,,,,,,,,,104
2,,,,,,,,,,,,104
4,,,,,,,,,,,,104
8,,,,,,,,,,,,104
1,,,,,,,,,,,,104
2,,,,,,,,,,,,104
4,,,,,,,,,,,,104
8,,,,,,,,,,,,104
1,,,,,,,,,,,,104
2,,,,,,,,,,,,104
4,,,,,,,,,,,,104
8,,,,,,,,,,,,104
1,,,,,,,,,,,,105
2,,,,,,,,,,,,105
4,,O,O,,,,O,O,,,,105
8,,O,O,,,,O,O,,,,105
1,,,,,,O,O,,,,,105
2,,,,,,O,O,,,,,105
4,,,,,O,O,,,,,,105
8,,,,,O,O,,,,,,105
1,,,,O,O,,,,,,,105
2,,,,O,O,,,,,,,105
4,,,O,O,,,,,,,,105
8,,,O,O,,,,,,,,105
1,,O,O,,O,O,,O,O,,,105
2,,O,O,,O,O,,O,O,,,105
4,,,,,,,,,,,,105
8,,,,,,,,,,,,105
1,,,,,,,,,,,,106
2,,,,,O,,O,,,,,106
4,,,,,,O,,,,,,106
8,,,,,,,,,,,,106
1,,,,O,O,O,O,O,,,,106
2,,,O,O,O,O,O,O,O,,,106
4,,O,O,,,,,,,,,106
8,,O,O,,,,,,,,,106
1,,,O,O,O,O,O,,,,,106
2,,,,O,O,O,O,O,,,,106
4,,,,,,,,O,O,,,106
8,,,,,,,,O,O,,,106
1,,,,,,,,O,O,,,106
2,,O,O,O,O,O,O,O,,,,106
4,,,O,O,O,O,O,,,,,106
8,,,,,,,,,,,,106
1,,,,,,,,,,,,107
2,,,,,,,,,,,,107
4,,,,,,,,,,,,107
8,,,,,,,,,,,,107
1,,,,,,,,,,,,107
2,,,,,O,O,,,,,,107
4,,,,O,O,,,,,,,107
8,,,O,O,,,,,,,,107
1,,O,O,,,,,,,,,107
2,,,O,O,,,,,,,,107
4,,,,O,O,,,,,,,107
8,,,,,O,O,,,,,,107
1,,,,,,,,,,,,107
2,,,,,,,,,,,,107
4,,,,,,,,,,,,107
8,,,,,,,,,,,,107
1,,,,,,,,,,,,108
2,,,,,,,,,,,,108
4,,,,O,O,,,,,,,108
8,,,O,O,O,O,O,O,O,O,,108
1,,O,O,,,O,O,O,O,O,,108
2,,O,O,,,O,O,,,,,108
4,,O,O,,,O,O,,,,,108
8,,O,O,,,O,O,O,O,,,108
1,,O,O,,,O,O,O,O,,,108
2,,O,O,,,O,O,,,,,108
4,,O,O,,,O,O,,,,,108
8,,O,O,,,O,O,,,,,108
1,,O,O,,,O,O,O,O,O,,108
2,,,O,O,O,O,O,O,O,O,,108
4,,,,O,O,,,,,,,108
8,,,,,,,,,,,,108
1,,,,,,,,,,,,109
2,,,,,,,,,,,,109
4,,,,,,,,,,,,109
8,,,,,,,,,,,,109
1,,,,,,,,,,,,109
2,,,,,,,,,,,,109
4,,,,,,,,,,,,109
8,,,,,,,,,,,,109
1,,,,,,,,,,,,109
2,,,,,,,,,,,,109
4,,,,,,,,,,,,109
8,,,,,,,,,,,,109
1,,,,,,,,,,,,109
2,,,,,,,,,,,,109
4,,,,,,,,,,,,109
8,,,,,,,,,,,,109
1,,,,,,,,,,,,110
2,,,,O,,,O,,,,,110
4,,,,,O,O,,,,,,110
8,,,,,,,,,,,,110
1,,O,O,O,O,O,O,O,O,,,110
2,,O,O,O,O,O,O,O,O,,,110
4,,,,,,,,O,O,,,110
8,,,,,,,O,O,,,,110
1,,,,,,O,O,,,,,110
2,,,,,O,O,,,,,,110
4,,,,O,O,,,,,,,110
8,,,O,O,,,,,,,,110
1,,O,O,,,,,,,,,110
2,,O,O,O,O,O,O,O,O,,,110
4,,O,O,O,O,O,O,O,O,,,110
8,,,,,,,,,,,,110
1,,,,,,,,,,,,111
2,,,,,,,,,,,,111
4,,,,,,,,,,,,111
8,,,,,,,,,,,,111
1,,,,,,,,,,,,111
2,,,,,,,,,,,,111
4,,,,,,,,,,,,111
8,,,,,,,,,,,,111
1,,,,,,,,,,,,111
2,,,,,,,,,,,,111
4,,,,,,,,,,,,111
8,,,,,,,,,,,,111
1,,,,,,,,,,,,111
2,,,,,,,,,,,,111
4,,,,,,,,,,,,111
8,,,,,,,,,,,,111
1,,,,,,,,,,,,112
2,,,,,,,,,,,,112
4,,,,,,,,,,,,112
8,,,,,,,,,,,,112
1,,,,,,,,,,,,112
2,,,,,,,,,,,,112
4,,,,,,,,,,,,112
8,,,,,,,,,,,,112
1,,,,,,,,,,,,112
2,,,,,,,,,,,,112
4,,,,,,,,,,,,112
8,,,,,,,,,,,,112
1,,,,,,,,,,,,112
2,,,,,,,,,,,,112
4,,,,,,,,,,,,112
8,,,,,,,,,,,,112
1,,,,,,,,,,,,113
2,,,,,,,,,,,,113
4,,,O,,,,,,,,,113
8,,O,,,,,,,,,,113
1,,O,O,,,,,,,,,113
2,,O,O,,,,,,,,,113
4,,,,,,,,,,,,113
8,,,,,,,,,,,,113
1,,,,,,,,,,,,113
2,,,,,,,,,,,,113
4,,,,,,,,,,,,113
8,,,,,,,,,,,,113
1,,,,,,,,,,,,113
2,,,,,,,,,,,,113
4,,,,,,,,,,,,113
8,,,,,,,,,,,,113
1,,,,,,,,,,,,114
2,,,,,,,,,,,,114
4,,O,O,,,,,,,,,114
8,,O,O,,,,,,,,,114
1,,,O,,,,,,,,,114
2,,O,,,,,,,,,,114
4,,,,,,,,,,,,114
8,,,,,,,,,,,,114
1,,,,,,,,,,,,114
2,,,,,,,,,,,,114
4,,,,,,,,,,,,114
8,,,,,,,,,,,,114
1,,,,,,,,,,,,114
2,,,,,,,,,,,,114
4,,,,,,,,,,,,114
8,,,,,,,,,,,,114
1,,,,,,,,,,,,115
2,,,,,,,,,,,,115
4,,,O,,,O,,,,,,115
8,,O,,,O,,,,,,,115
1,,O,O,,O,O,,,,,,115
2,,O,O,,O,O,,,,,,115
4,,,,,,,,,,,,115
8,,,,,,,,,,,,115
1,,,,,,,,,,,,115
2,,,,,,,,,,,,115
4,,,,,,,,,,,,115
8,,,,,,,,,,,,115
1,,,,,,,,,,,,115
2,,,,,,,,,,,,115
4,,,,,,,,,,,,115
8,,,,,,,,,,,,115
1,,,,,,,,,,,,116
2,,,,,,,,,,,,116
4,,O,O,,O,O,,,,,,116
8,,O,O,,O,O,,,,,,116
1,,,O,,,O,,,,,,116
2,,O,,,O,,,,,,,116
4,,,,,,,,,,,,116
8,,,,,,,,,,,,116
1,,,,,,,,,,,,116
2,,,,,,,,,,,,116
4,,,,,,,,,,,,116
8,,,,,,,,,,,,116
1,,,,,,,,,,,,116
2,,,,,,,,,,,,116
4,,,,,,,,,,,,116
8,,,,,,,,,,,,116
1,,,,,,,,,,,,117
2,,,,,,,,,,,,117
4,,,,,,,,,,,,117
8,,,,,,,,,,,,117
1,,,,,,,,,,,,117
2,,,,,,,,,,,,117
4,,,O,O,,,,,,,,117
8,,O,O,O,O,,,,,,,117
1,,O,O,O,O,,,,,,,117
2,,,O,O,,,,,,,,117
4,,,,,,,,,,,,117
8,,,,,,,,,,,,117
1,,,,,,,,,,,,117
2,,,,,,,,,,,,117
4,,,,,,,,,,,,117
8,,,,,,,,,,,,117
1,,,,,,,,,,,,118
2,,,,,,,,,,,,118
4,,,,,,,,,,,,118
8,,,,,,,,,,,,118
1,,,,,,,,,,,,118
2,,,,,,,,,,,,118
4,,,,,,,,,,,,118
8,,O,O,O,O,,,,,,,118
1,,O,O,O,O,,,,,,,118
2,,,,,,,,,,,,118
4,,,,,,,,,,,,118
8,,,,,,,,,,,,118
1,,,,,,,,,,,,118
2,,,,,,,,,,,,118
4,,,,,,,,,,,,118
8,,,,,,,,,,,,118
1,,,,,,,,,,,,119
2,,,,,,,,,,,,119
4,,,,,,,,,,,,119
8,,,,,,,,,,,,119
1,,,,,,,,,,,,119
2,,,,,,,,,,,,119
4,,,,,,,,,,,,119
8,,O,O,O,O,O,O,,,,,119
1,,O,O,O,O,O,O,,,,,119
2,,,,,,,,,,,,119
4,,,,,,,,,,,,119
8,,,,,,,,,,,,119
1,,,,,,,,,,,,119
2,,,,,,,,,,,,119
4,,,,,,,,,,,,119
8,,,,,,,,,,,,119
1,,,,,,,,,,,,120
2,,,O,,,,,,,,,120
4,,O,,O,,O,,,,,,120
8,,,,,O,,,,,,,120
1,,,,,,,,,,,,120
2,,,,,,,,,,,,120
4,,,,,,,,,,,,120
8,,,,,,,,,,,,120
1,,,,,,,,,,,,120
2,,,,,,,,,,,,120
4,,,,,,,,,,,,120
8,,,,,,,,,,,,120
1,,,,,,,,,,,,120
2,,,,,,,,,,,,120
4,,,,,,,,,,,,120
8,,,,,,,,,,,,120
1,,,,,,,,,,,,121
2,,O,O,O,O,O,O,,O,O,,121
4,,O,O,O,O,O,O,O,O,O,,121
8,,,O,O,,O,O,O,O,O,,121
1,,,O,O,,O,O,,O,O,,121
2,,,O,O,,O,O,,O,O,,121
4,,,O,O,,O,O,,O,O,,121
8,,,,,,,,,,,,121
1,,,,,,,,,,,,121
2,,,,,,,,,,,,121
4,,,,,,,,,,,,121
8,,,,,,,,,,,,121
1,,,,,,,,,,,,121
2,,,,,,,,,,,,121
4,,,,,,,,,,,,121
8,,,,,,,,,,,,121
1,,,,,,,,,,,,122
2,,,,,,,,,,,,122
4,,,,,O,,O,,,,,122
8,,,,,,O,,,,,,122
1,,,,,,,,,,,,122
2,,,,O,O,O,O,O,,,,122
4,,,O,O,O,O,O,O,O,,,122
8,,O,O,,,,,,,,,122
1,,,O,O,O,O,O,,,,,122
2,,,,O,O,O,O,O,,,,122
4,,,,,,,,O,O,,,122
8,,,,,,,,O,O,,,122
1,,O,O,O,O,O,O,O,,,,122
2,,,O,O,O,O,O,,,,,122
4,,,,,,,,,,,,122
8,,,,,,,,,,,,122
1,,,,,,,,,,,,123
2,,,,,,,,,,,,123
4,,,,,,,,,,,,123
8,,,,,,,,,,,,123
1,,,,,,,,,,,,123
2,,O,O,,,,,,,,,123
4,,,O,O,,,,,,,,123
8,,,,O,O,,,,,,,123
1,,,,,O,O,,,,,,123
2,,,,O,O,,,,,,,123
4,,,O,O,,,,,,,,123
8,,O,O,,,,,,,,,123
1,,,,,,,,,,,,123
2,,,,,,,,,,,,123
4,,,,,,,,,,,,123
8,,,,,,,,,,,,123
1,,,,,,,,,,,,124
2,,,,,,,,,,,,124
4,,,,,,,,,,,,124
8,,,,,,,,,,,,124
1,,,,O,O,,O,O,O,,,124
2,,,O,O,O,O,O,O,O,O,,124
4,,O,O,,,O,O,,,O,O,124
8,,O,O,,,O,O,,,O,O,124
1,,O,O,,,O,O,O,O,O,O,124
2,,O,O,,,O,O,O,O,O,O,124
4,,O,O,,,O,O,,,,,124
8,,O,O,,,O,O,,,,,124
1,,,O,O,O,O,O,O,O,O,,124
2,,,,O,O,,O,O,O,,,124
4,,,,,,,,,,,,124
8,,,,,,,,,,,,124
1,,,,,,,,,,,,125
2,,,,,,,,,,,,125
4,,,,,,,,,,,,125
8,,,,,,,,,,,,125
1,,,,,,,,,,,,125
2,,,,,,,,,,,,125
4,,,,,,,,,,,,125
8,,,,,,,,,,,,125
1,,,,,,,,,,,,125
2,,,,,,,,,,,,125
4,,,,,,,,,,,,125
8,,,,,,,,,,,,125
1,,,,,,,,,,,,125
2,,,,,,,,,,,,125
4,,,,,,,,,,,,125
8,,,,,,,,,,,,125
1,,,,,,,,,,,,126
2,,,,O,,O,,,,,,126
4,,,,,O,,,,,,,126
8,,,,,,,,,,,,126
1,,O,O,O,O,O,O,O,,,,126
2,,O,O,O,O,O,O,O,,,,126
4,,,,,,,O,O,,,,126
8,,,,,,O,O,,,,,126
1,,,,,O,O,,,,,,126
2,,,,O,O,,,,,,,126
4,,,O,O,,,,,,,,126
8,,O,O,,,,,,,,,126
1,,O,O,O,O,O,O,O,,,,126
2,,O,O,O,O,O,O,O,,,,126
4,,,,,,,,,,,,126
8,,,,,,,,,,,,126
1,,,,,,,,,,,,127
2,,,O,O,,,O,O,,,,127
4,,,,,,,,,,,,127
8,,O,O,,,,,O,O,,,127
1,,O,O,,,,,O,O,,,127
2,,O,O,,,,,O,O,,,127
4,,O,O,,,,,O,O,,,127
8,,O,O,,,,,O,O,,,127
1,,,O,O,O,O,O,O,,,,127
2,,,,O,O,O,O,,,,,127
4,,,,,O,O,,,,,,127
8,,,,,O,O,,,,,,127
1,,,,,O,O,,,,,,127
2,,,,,O,O,,,,,,127
4,,,,,O,O,,,,,,127
8,,,,,O,O,,,,,,127
1,,,,,,,,,,,,128
2,,,,,,,,,,,,128
4,,,,,,,,,,,,128
8,,,,,,,,,,,,128
1,,,,,,,,,,,,128
2,,,,,,,,,,,,128
4,,,,,,,,,,,,128
8,,,,,,,,,,,,128
1,,,,,,,,,,,,128
2,,,,,,,,,,,,128
4,,,,,,,,,,,,128
8,,,,,,,,,,,,128
1,,,,,,,,,,,,128
2,,,,,,,,,,,,128
4,,,,,,,,,,,,128
8,,,,,,,,,,,,128
1,,,,,,,,,,,,129
2,,,,,,,,,,,,129
4,,,,,,,,,,,,129
8,,,,,,,,,,,,129
1,,O,O,,,,,,,,,129
2,,O,O,,,,,,,,,129
4,,,,,,,,,,,,129
8,,O,O,,,,,,,,,129
1,,O,O,,,,,,,,,129
2,,O,O,,,,,,,,,129
4,,O,O,,,,,,,,,129
8,,O,O,,,,,,,,,129
1,,O,O,,,,,,,,,129
2,,O,O,,,,,,,,,129
4,,O,O,,,,,,,,,129
8,,O,O,,,,,,,,,129
1,,,,,,,,,,,,130
2,,,,,,,,,,,,130
4,,,,,O,O,,,,,,130
8,,,,,O,O,,,,,,130
1,,,,O,O,O,O,,,,,130
2,,,O,O,O,O,O,O,,,,130
4,,O,O,,O,O,,O,O,,,130
8,,O,O,,O,O,,,,,,130
1,,O,O,,O,O,,,,,,130
2,,O,O,,O,O,,,,,,130
4,,O,O,,O,O,,,,,,130
8,,O,O,,O,O,,O,O,,,130
1,,,O,O,O,O,O,O,,,,130
2,,,,O,O,O,O,,,,,130
4,,,,,O,O,,,,,,130
8,,,,,O,O,,,,,,130
1,,,,,,,,,,,,131
2,,,,,O,O,O,,,,,131
4,,,,O,O,O,O,O,,,,131
8,,,O,O,,,,O,O,,,131
1,,,O,O,,,,,,,,131
2,,,O,O,,,,,,,,131
4,,,O,O,,,,,,,,131
8,,O,O,O,O,O,O,,,,,131
1,,O,O,O,O,O,O,,,,,131
2,,,O,O,,,,,,,,131
4,,,O,O,,,,,,,,131
8,,,O,O,,,,,,,,131
1,,,O,O,,,,,,,,131
2,,O,O,O,O,O,O,O,,,,131
4,,O,O,O,O,O,O,O,,,,131
8,,,,,,,,,,,,131
1,,,,,,,,,,,,132
2,,,,,,,,,,,,132
4,,,,,,,,,,,,132
8,,,,,,,,,,,,132
1,,,,,,,,,,,,132
2,,O,,,,,,O,,,,132
4,,,,O,O,O,,,,,,132
8,,,O,,,,O,,,,,132
1,,,O,,,,O,,,,,132
2,,,O,,,,O,,,,,132
4,,,,O,O,O,,,,,,132
8,,O,,,,,,O,,,,132
1,,,,,,,,,,,,132
2,,,,,,,,,,,,132
4,,,,,,,,,,,,132
8,,,,,,,,,,,,132
1,,,,,,,,,,,,133
2,,O,O,,,,,O,O,,,133
4,,O,O,,,,,O,O,,,133
8,,O,O,,,,,O,O,,,133
1,,O,O,,,,,O,O,,,133
2,,O,O,,,,,O,O,,,133
4,,,O,O,O,O,O,O,,,,133
8,,,,O,O,O,O,,,,,133
1,,,,,O,O,,,,,,133
2,,,O,O,O,O,O,O,,,,133
4,,,,,O,O,,,,,,133
8,,,,,O,O,,,,,,133
1,,,O,O,O,O,O,O,,,,133
2,,,,,O,O,,,,,,133
4,,,,,,,,,,,,133
8,,,,,,,,,,,,133
1,,,,,,,,,,,,134
2,,O,O,,,,,,,,,134
4,,O,O,,,,,,,,,134
8,,O,O,,,,,,,,,134
1,,O,O,,,,,,,,,134
2,,O,O,,,,,,,,,134
4,,O,O,,,,,,,,,134
8,,,,,,,,,,,,134
1,,,,,,,,,,,,134
2,,,,,,,,,,,,134
4,,O,O,,,,,,,,,134
8,,O,O,,,,,,,,,134
1,,O,O,,,,,,,,,134
2,,O,O,,,,,,,,,134
4,,O,O,,,,,,,,,134
8,,O,O,,,,,,,,,134
1,,,,,,,,,,,,135
2,,,,O,O,O,O,,,,,135
4,,,O,O,,,O,O,,,,135
8,,,O,O,,,,,,,,135
1,,,,O,O,,,,,,,135
2,,,O,O,O,O,,,,,,135
4,,O,O,,,O,O,,,,,135
8,,O,O,,,,O,O,,,,135
1,,,O,O,,,,O,O,,,135
2,,,,O,O,,,O,O,,,135
4,,,,,O,O,O,O,,,,135
8,,,,,,O,O,,,,,135
1,,,,,,,O,O,,,,135
2,,O,O,,,,O,O,,,,135
4,,O,O,,,,O,O,,,,135
8,,,O,O,O,O,O,,,,,135
1,,,,,,,,,,,,136
2,,O,O,,,O,O,,,,,136
4,,O,O,,,O,O,,,,,136
8,,,,,,,,,,,,136
1,,,,,,,,,,,,136
2,,,,,,,,,,,,136
4,,,,,,,,,,,,136
8,,,,,,,,,,,,136
1,,,,,,,,,,,,136
2,,,,,,,,,,,,136
4,,,,,,,,,,,,136
8,,,,,,,,,,,,136
1,,,,,,,,,,,,136
2,,,,,,,,,,,,136
4,,,,,,,,,,,,136
8,,,,,,,,,,,,136
1,,,,,,,,,,,,137
2,,,,,,,,,,,,137
4,,,,O,O,O,O,O,,,,137
8,,,O,,,,,,O,,,137
1,,O,,,O,O,O,,,O,,137
2,,O,,O,,,,O,,O,,137
4,,O,,O,,,,,,O,,137
8,,O,,O,,,,,,O,,137
1,,O,,O,,,,O,,O,,137
2,,O,,,O,O,O,,,O,,137
4,,,O,,,,,,O,,,137
8,,,,O,O,O,O,O,,,,137
1,,,,,,,,,,,,137
2,,,,,,,,,,,,137
4,,,,,,,,,,,,137
8,,,,,,,,,,,,137
1,,,,,,,,,,,,138
2,,,O,O,O,O,,,,,,138
4,,O,O,,,O,O,,,,,138
8,,,,,,O,O,,,,,138
1,,,O,O,O,O,O,,,,,138
2,,O,O,,,O,O,,,,,138
4,,O,O,,,O,O,,,,,138
8,,,O,O,O,O,O,,,,,138
1,,,,,,,,,,,,138
2,,,,,,,,,,,,138
4,,,,,,,,,,,,138
8,,,,,,,,,,,,138
1,,,,,,,,,,,,138
2,,,,,,,,,,,,138
4,,,,,,,,,,,,138
8,,,,,,,,,,,,138
1,,,,,,,,,,,,139
2,,,,,,,,,,,,139
4,,,,,,,,,,,,139
8,,,,,,,,,,,,139
1,,,,,O,O,,,O,O,,139
2,,,,O,O,,,O,O,,,139
4,,,O,O,,,O,O,,,,139
8,,O,O,,,O,O,,,,,139
1,,O,O,,,O,O,,,,,139
2,,,O,O,,,O,O,,,,139
4,,,,O,O,,,O,O,,,139
8,,,,,O,O,,,O,O,,139
1,,,,,,,,,,,,139
2,,,,,,,,,,,,139
4,,,,,,,,,,,,139
8,,,,,,,,,,,,139
1,,,,,,,,,,,,140
2,,,,,,,,,,,,140
4,,,,,,,,,,,,140
8,,,,,,,,,,,,140
1,,,,,,,,,,,,140
2,,,,,,,,,,,,140
4,,O,O,O,O,O,O,O,O,,,140
8,,O,O,O,O,O,O,O,O,,,140
1,,,,,,,,O,O,,,140
2,,,,,,,,O,O,,,140
4,,,,,,,,O,O,,,140
8,,,,,,,,,,,,140
1,,,,,,,,,,,,140
2,,,,,,,,,,,,140
4,,,,,,,,,,,,140
8,,,,,,,,,,,,140
1,,,,,,,,,,,,141
2,,,,,,,,,,,,141
4,,,,,,,,,,,,141
8,,,,,,,,,,,,141
1,,,,,,,,,,,,141
2,,,,,,,,,,,,141
4,,,,,,,,,,,,141
8,,,,,,,,,,,,141
1,,,,,,,,,,,,141
2,,,,,,,,,,,,141
4,,,,,,,,,,,,141
8,,,,,,,,,,,,141
1,,,,,,,,,,,,141
2,,,,,,,,,,,,141
4,,,,,,,,,,,,141
8,,,,,,,,,,,,141
1,,,,,,,,,,,,142
2,,,,,,,,,,,,142
4,,,,O,O,O,O,,,,,142
8,,,O,,,,,O,,,,142
1,,O,,O,O,O,,,O,,,142
2,,O,,O,,,O,,O,,,142
4,,O,,O,O,O,,,O,,,142
8,,O,,O,O,,,,O,,,142
1,,O,,O,,O,,,O,,,142
2,,O,,O,,,O,,O,,,142
4,,,O,,,,,O,,,,142
8,,,,O,O,O,O,,,,,142
1,,,,,,,,,,,,142
2,,,,,,,,,,,,142
4,,,,,,,,,,,,142
8,,,,,,,,,,,,142
1,,O,O,O,O,O,O,O,O,O,,143
2,,O,O,O,O,O,O,O,O,O,,143
4,,,,,,,,,,,,143
8,,,,,,,,,,,,143
1,,,,,,,,,,,,143
2,,,,,,,,,,,,143
4,,,,,,,,,,,,143
8,,,,,,,,,,,,143
1,,,,,,,,,,,,143
2,,,,,,,,,,,,143
4,,,,,,,,,,,,143
8,,,,,,,,,,,,143
1,,,,,,,,,,,,143
2,,,,,,,,,,,,143
4,,,,,,,,,,,,143
8,,,,,,,,,,,,143
1,,,,,,,,,,,,144
2,,,O,O,O,,,,,,,144
4,,O,,,,O,,,,,,144
8,,O,,,,O,,,,,,144
1,,O,,,,O,,,,,,144
2,,,O,O,O,,,,,,,144
4,,,,,,,,,,,,144
8,,,,,,,,,,,,144
1,,,,,,,,,,,,144
2,,,,,,,,,,,,144
4,,,,,,,,,,,,144
8,,,,,,,,,,,,144
1,,,,,,,,,,,,144
2,,,,,,,,,,,,144
4,,,,,,,,,,,,144
8,,,,,,,,,,,,144
1,,,,,,,,,,,,145
2,,,,,,,,,,,,145
4,,,,,,,,,,,,145
8,,,,,O,O,,,,,,145
1,,,,,O,O,,,,,,145
2,,,,,O,O,,,,,,145
4,,O,O,O,O,O,O,O,O,,,145
8,,O,O,O,O,O,O,O,O,,,145
1,,,,,O,O,,,,,,145
2,,,,,O,O,,,,,,145
4,,,,,O,O,,,,,,145
8,,,,,,,,,,,,145
1,,O,O,O,O,O,O,O,O,,,145
2,,O,O,O,O,O,O,O,O,,,145
4,,,,,,,,,,,,145
8,,,,,,,,,,,,145
1,,,,,,,,,,,,146
2,,,O,O,O,,,,,,,146
4,,O,O,,O,O,,,,,,146
8,,,,,O,O,,,,,,146
1,,,,O,O,,,,,,,146
2,,,O,O,,,,,,,,146
4,,O,O,,,,,,,,,146
8,,O,O,,,,,,,,,146
1,,O,O,O,O,O,,,,,,146
2,,,,,,,,,,,,146
4,,,,,,,,,,,,146
8,,,,,,,,,,,,146
1,,,,,,,,,,,,146
2,,,,,,,,,,,,146
4,,,,,,,,,,,,146
8,,,,,,,,,,,,146
1,,,,,,,,,,,,147
2,,,O,O,O,,,,,,,147
4,,O,O,,O,O,,,,,,147
8,,,,,O,O,,,,,,147
1,,,O,O,O,,,,,,,147
2,,,O,O,O,O,,,,,,147
4,,,,,O,O,,,,,,147
8,,O,O,,O,O,,,,,,147
1,,,O,O,O,,,,,,,147
2,,,,,,,,,,,,147
4,,,,,,,,,,,,147
8,,,,,,,,,,,,147
1,,,,,,,,,,,,147
2,,,,,,,,,,,,147
4,,,,,,,,,,,,147
8,,,,,,,,,,,,147
1,,,,,,,,,,,,148
2,,,O,O,,,,,,,,148
4,,O,O,,,,,,,,,148
8,,,,,,,,,,,,148
1,,,,,,,,,,,,148
2,,,,,,,,,,,,148
4,,,,,,,,,,,,148
8,,,,,,,,,,,,148
1,,,,,,,,,,,,148
2,,,,,,,,,,,,148
4,,,,,,,,,,,,148
8,,,,,,,,,,,,148
1,,,,,,,,,,,,148
2,,,,,,,,,,,,148
4,,,,,,,,,,,,148
8,,,,,,,,,,,,148
1,,,,,,,,,,,,149
2,,O,O,,,,,O,O,,,149
4,,O,O,,,,,O,O,,,149
8,,O,O,,,,,O,O,,,149
1,,O,O,,,,,O,O,,,149
2,,O,O,,,,,O,O,,,149
4,,O,O,,,,,O,O,,,149
8,,O,O,,,,,O,O,,,149
1,,O,O,,,,,O,O,,,149
2,,O,O,O,,,O,O,O,,,149
4,,O,O,O,O,O,O,O,O,,,149
8,,O,O,,O,O,,O,O,,,149
1,,O,O,,,,,,,,,149
2,,O,O,,,,,,,,,149
4,,O,O,,,,,,,,,149
8,,,,,,,,,,,,149
1,,,,,,,,,,,,150
2,,,,O,O,O,O,O,O,O,,150
4,,,O,O,O,O,O,O,O,O,,150
8,,O,O,O,O,O,,,O,O,,150
1,,O,O,O,O,O,,,O,O,,150
2,,O,O,O,O,O,,,O,O,,150
4,,O,O,O,O,O,,,O,O,,150
8,,,O,O,O,O,,,O,O,,150
1,,,,,O,O,,,O,O,,150
2,,,,,O,O,,,O,O,,150
4,,,,,O,O,,,O,O,,150
8,,,,,O,O,,,O,O,,150
1,,,,,O,O,,,O,O,,150
2,,,,,O,O,,,O,O,,150
4,,,,,O,O,,,O,O,,150
8,,,,,O,O,,,O,O,,150
1,,,,,,,,,,,,151
2,,,,,,,,,,,,151
4,,,,,,,,,,,,151
8,,,,,,,,,,,,151
1,,,,,,,,,,,,151
2,,,,,,,,,,,,151
4,,,,,,,,,,,,151
8,,O,O,,,,,,,,,151
1,,O,O,,,,,,,,,151
2,,,,,,,,,,,,151
4,,,,,,,,,,,,151
8,,,,,,,,,,,,151
1,,,,,,,,,,,,151
2,,,,,,,,,,,,151
4,,,,,,,,,,,,151
8,,,,,,,,,,,,151
1,,,,,,,,,,,,152
2,,,,,,,,,,,,152
4,,,,,,,,,,,,152
8,,,,,,,,,,,,152
1,,,,,,,,,,,,152
2,,,,,,,,,,,,152
4,,,,,,,,,,,,152
8,,,,,,,,,,,,152
1,,,,,,,,,,,,152
2,,,,,,,,,,,,152
4,,,,,,,,,,,,152
8,,,,,,,,,,,,152
1,,,O,,,,,,,,,152
2,,,O,O,,,,,,,,152
4,,,,O,,,,,,,,152
8,,O,O,,,,,,,,,152
1,,,,,,,,,,,,153
2,,,,O,O,,,,,,,153
4,,,O,O,O,,,,,,,153
8,,O,O,O,O,,,,,,,153
1,,,,O,O,,,,,,,153
2,,,,O,O,,,,,,,153
4,,,,O,O,,,,,,,153
8,,,,O,O,,,,,,,153
1,,,,O,O,,,,,,,153
2,,,,,,,,,,,,153
4,,,,,,,,,,,,153
8,,,,,,,,,,,,153
1,,,,,,,,,,,,153
2,,,,,,,,,,,,153
4,,,,,,,,,,,,153
8,,,,,,,,,,,,153
1,,,,,,,,,,,,154
2,,,,O,O,O,,,,,,154
4,,,O,,,,O,,,,,154
8,,O,O,,,,O,O,,,,154
1,,O,O,,,,O,O,,,,154
2,,O,O,,,,O,O,,,,154
4,,,O,,,,O,,,,,154
8,,,,O,O,O,,,,,,154
1,,,,,,,,,,,,154
2,,,,,,,,,,,,154
4,,,,,,,,,,,,154
8,,,,,,,,,,,,154
1,,,,,,,,,,,,154
2,,,,,,,,,,,,154
4,,,,,,,,,,,,154
8,,,,,,,,,,,,154
1,,,,,,,,,,,,155
2,,,,,,,,,,,,155
4,,,,,,,,,,,,155
8,,,,,,,,,,,,155
1,,O,O,,,O,O,,,,,155
2,,,O,O,,,O,O,,,,155
4,,,,O,O,,,O,O,,,155
8,,,,,O,O,,,O,O,,155
1,,,,,O,O,,,O,O,,155
2,,,,O,O,,,O,O,,,155
4,,,O,O,,,O,O,,,,155
8,,O,O,,,O,O,,,,,155
1,,,,,,,,,,,,155
2,,,,,,,,,,,,155
4,,,,,,,,,,,,155
8,,,,,,,,,,,,155
1,,,,,,,,,,,,156
2,,,,,,,,,,,,156
4,,,,O,,,,O,O,,,156
8,,,O,O,,,,O,O,,,156
1,,,,O,,,O,O,,,,156
2,,,,O,,,O,O,,,,156
4,,,,O,,O,O,,,,,156
8,,,,O,,O,O,,,,,156
1,,,,,O,O,,,,,,156
2,,,,,O,O,,,,,,156
4,,,,O,O,,,,O,,,156
8,,,,O,O,,,O,O,,,156
1,,,O,O,,,O,,O,,,156
2,,,O,O,,O,O,O,O,O,,156
4,,O,O,,,,,,O,,,156
8,,O,O,,,,,,,,,156
1,,,,,,,,,,,,157
2,,,,,,,,,,,,157
4,,,,O,,,,O,O,,,157
8,,,O,O,,,,O,O,,,157
1,,,,O,,,O,O,,,,157
2,,,,O,,,O,O,,,,157
4,,,,O,,O,O,,,,,157
8,,,,O,,O,O,,,,,157
1,,,,,O,O,,,,,,157
2,,,,,O,O,,O,O,,,157
4,,,,O,O,,O,,,O,,157
8,,,,O,O,,,,O,,,157
1,,,O,O,,,,O,,,,157
2,,,O,O,,,O,,,,,157
4,,O,O,,,,O,O,O,O,,157
8,,O,O,,,,,,,,,157
1,,,,,,,,,,,,158
2,,,,,,,,,,,,158
4,,O,O,,,,,O,O,,,158
8,,,,O,,,,O,O,,,158
1,,,O,,,,O,O,,,,158
2,,,,O,,,O,O,,,,158
4,,O,,O,,O,O,,,,,158
8,,,O,,,O,O,,,,,158
1,,,,,O,O,,,,,,158
2,,,,,O,O,,,,,,158
4,,,,O,O,,,,O,,,158
8,,,,O,O,,,O,O,,,158
1,,,O,O,,,O,,O,,,158
2,,,O,O,,O,O,O,O,O,,158
4,,O,O,,,,,,O,,,158
8,,O,O,,,,,,,,,158
1,,,,,,,,,,,,159
2,,,,,,,,,,,,159
4,,,,,O,O,,,,,,159
8,,,,,O,O,,,,,,159
1,,,,,,,,,,,,159
2,,,,,O,O,,,,,,159
4,,,,,O,O,,,,,,159
8,,,,,O,O,,,,,,159
1,,,,O,O,O,,,,,,159
2,,,O,O,O,,,,,,,159
4,,O,O,O,,,,,,,,159
8,,O,O,,,,,,,,,159
1,,O,O,,,,,O,O,,,159
2,,,O,O,O,O,O,O,,,,159
4,,,,O,O,O,O,,,,,159
8,,,,,,,,,,,,159
1,,,,,,,,,,,,160
2,,,,O,O,,,,,,,160
4,,,,,O,O,,,,,,160
8,,,,,,,,,,,,160
1,,,,O,O,O,,,,,,160
2,,,O,O,O,O,O,,,,,160
4,,O,O,,,,O,O,,,,160
8,,O,O,,,,O,O,,,,160
1,,O,O,,,,O,O,,,,160
2,,O,O,O,O,O,O,O,,,,160
4,,O,O,O,O,O,O,O,,,,160
8,,O,O,,,,O,O,,,,160
1,,O,O,,,,O,O,,,,160
2,,O,O,,,,O,O,,,,160
4,,O,O,,,,O,O,,,,160
8,,,,,,,,,,,,160
1,,,,,,,,,,,,161
2,,,,,O,O,,,,,,161
4,,,,O,O,,,,,,,161
8,,,,,,,,,,,,161
1,,,,O,O,O,,,,,,161
2,,,O,O,O,O,O,,,,,161
4,,O,O,,,,O,O,,,,161
8,,O,O,,,,O,O,,,,161
1,,O,O,,,,O,O,,,,161
2,,O,O,O,O,O,O,O,,,,161
4,,O,O,O,O,O,O,O,,,,161
8,,O,O,,,,O,O,,,,161
1,,O,O,,,,O,O,,,,161
2,,O,O,,,,O,O,,,,161
4,,O,O,,,,O,O,,,,161
8,,,,,,,,,,,,161
1,,,,,,,,,,,,162
2,,,,,O,,,,,,,162
4,,,,O,,O,,,,,,162
8,,,,,,,,,,,,162
1,,,,O,O,O,,,,,,162
2,,,O,O,O,O,O,,,,,162
4,,O,O,,,,O,O,,,,162
8,,O,O,,,,O,O,,,,162
1,,O,O,,,,O,O,,,,162
2,,O,O,O,O,O,O,O,,,,162
4,,O,O,O,O,O,O,O,,,,162
8,,O,O,,,,O,O,,,,162
1,,O,O,,,,O,O,,,,162
2,,O,O,,,,O,O,,,,162
4,,O,O,,,,O,O,,,,162
8,,,,,,,,,,,,162
1,,,,,,,,,,,,163
2,,,,O,O,,O,,,,,163
4,,,O,,O,O,,,,,,163
8,,,,,,,,,,,,163
1,,,,O,O,O,,,,,,163
2,,,O,O,O,O,O,,,,,163
4,,O,O,,,,O,O,,,,163
8,,O,O,,,,O,O,,,,163
1,,O,O,,,,O,O,,,,163
2,,O,O,O,O,O,O,O,,,,163
4,,O,O,O,O,O,O,O,,,,163
8,,O,O,,,,O,O,,,,163
1,,O,O,,,,O,O,,,,163
2,,O,O,,,,O,O,,,,163
4,,O,O,,,,O,O,,,,163
8,,,,,,,,,,,,163
1,,,,,,,,,,,,164
2,,,O,O,,O,O,,,,,164
4,,,O,O,,O,O,,,,,164
8,,,,,,,,,,,,164
1,,,,O,O,O,,,,,,164
2,,,O,O,O,O,O,,,,,164
4,,O,O,,,,O,O,,,,164
8,,O,O,,,,O,O,,,,164
1,,O,O,,,,O,O,,,,164
2,,O,O,O,O,O,O,O,,,,164
4,,O,O,O,O,O,O,O,,,,164
8,,O,O,,,,O,O,,,,164
1,,O,O,,,,O,O,,,,164
2,,O,O,,,,O,O,,,,164
4,,O,O,,,,O,O,,,,164
8,,,,,,,,,,,,164
1,,,,,,,,,,,,165
2,,,,,O,,,,,,,165
4,,,,O,,O,,,,,,165
8,,,,,O,,,,,,,165
1,,,,O,O,O,,,,,,165
2,,,O,O,O,O,O,,,,,165
4,,O,O,,,,O,O,,,,165
8,,O,O,,,,O,O,,,,165
1,,O,O,,,,O,O,,,,165
2,,O,O,O,O,O,O,O,,,,165
4,,O,O,O,O,O,O,O,,,,165
8,,O,O,,,,O,O,,,,165
1,,O,O,,,,O,O,,,,165
2,,O,O,,,,O,O,,,,165
4,,O,O,,,,O,O,,,,165
8,,,,,,,,,,,,165
1,,,,,,,,,,,,166
2,,,,,,,,,,,,166
4,,,,O,O,O,,O,O,O,O,166
8,,,O,O,O,O,O,O,O,O,O,166
1,,O,O,,,,O,O,,,,166
2,,O,O,,,,O,O,,,,166
4,,O,O,,,,O,O,,,,166
8,,O,O,O,O,O,O,O,O,O,,166
1,,O,O,O,O,O,O,O,O,O,,166
2,,O,O,,,,O,O,,,,166
4,,O,O,,,,O,O,,,,166
8,,O,O,,,,O,O,,,,166
1,,O,O,,,,O,O,,,,166
2,,O,O,,,,O,O,O,O,O,166
4,,O,O,,,,O,O,O,O,O,166
8,,,,,,,,,,,,166
1,,,,,,,,,,,,167
2,,,,,,,,,,,,167
4,,,,O,O,O,O,,,,,167
8,,,O,O,O,O,O,O,,,,167
1,,O,O,,,,,O,O,,,167
2,,O,O,,,,,,,,,167
4,,O,O,,,,,,,,,167
8,,O,O,,,,,,,,,167
1,,O,O,,,,,,,,,167
2,,O,O,,,,,O,O,,,167
4,,,O,O,O,O,O,O,,,,167
8,,,,O,O,O,O,,,,,167
1,,,,,O,,,,,,,167
2,,,,,O,O,,,,,,167
4,,,,,,O,,,,,,167
8,,,,O,O,,,,,,,167
1,,,,,,,,,,,,168
2,,,,O,O,,,,,,,168
4,,,,,O,O,,,,,,168
8,,,,,,,,,,,,168
1,,O,O,O,O,O,O,O,,,,168
2,,O,O,O,O,O,O,O,,,,168
4,,O,O,,,,,,,,,168
8,,O,O,,,,,,,,,168
1,,O,O,O,O,O,O,,,,,168
2,,O,O,O,O,O,O,,,,,168
4,,O,O,,,,,,,,,168
8,,O,O,,,,,,,,,168
1,,O,O,,,,,,,,,168
2,,O,O,O,O,O,O,O,,,,168
4,,O,O,O,O,O,O,O,,,,168
8,,,,,,,,,,,,168
1,,,,,,,,,,,,169
2,,,,,O,O,,,,,,169
4,,,,O,O,,,,,,,169
8,,,,,,,,,,,,169
1,,O,O,O,O,O,O,O,,,,169
2,,O,O,O,O,O,O,O,,,,169
4,,O,O,,,,,,,,,169
8,,O,O,,,,,,,,,169
1,,O,O,O,O,O,O,,,,,169
2,,O,O,O,O,O,O,,,,,169
4,,O,O,,,,,,,,,169
8,,O,O,,,,,,,,,169
1,,O,O,,,,,,,,,169
2,,O,O,O,O,O,O,O,,,,169
4,,O,O,O,O,O,O,O,,,,169
8,,,,,,,,,,,,169
1,,,,,,,,,,,,170
2,,,,,O,,,,,,,170
4,,,,O,,O,,,,,,170
8,,,,,,,,,,,,170
1,,O,O,O,O,O,O,O,,,,170
2,,O,O,O,O,O,O,O,,,,170
4,,O,O,,,,,,,,,170
8,,O,O,,,,,,,,,170
1,,O,O,O,O,O,O,,,,,170
2,,O,O,O,O,O,O,,,,,170
4,,O,O,,,,,,,,,170
8,,O,O,,,,,,,,,170
1,,O,O,,,,,,,,,170
2,,O,O,O,O,O,O,O,,,,170
4,,O,O,O,O,O,O,O,,,,170
8,,,,,,,,,,,,170
1,,,,,,,,,,,,171
2,,,O,O,,O,O,,,,,171
4,,,O,O,,O,O,,,,,171
8,,,,,,,,,,,,171
1,,O,O,O,O,O,O,O,,,,171
2,,O,O,O,O,O,O,O,,,,171
4,,O,O,,,,,,,,,171
8,,O,O,,,,,,,,,171
1,,O,O,O,O,O,O,,,,,171
2,,O,O,O,O,O,O,,,,,171
4,,O,O,,,,,,,,,171
8,,O,O,,,,,,,,,171
1,,O,O,,,,,,,,,171
2,,O,O,O,O,O,O,O,,,,171
4,,O,O,O,O,O,O,O,,,,171
8,,,,,,,,,,,,171
1,,,,,,,,,,,,172
2,,O,O,,,,,,,,,172
4,,,O,O,,,,,,,,172
8,,,,,,,,,,,,172
1,,,O,O,,,,,,,,172
2,,,O,O,,,,,,,,172
4,,,O,O,,,,,,,,172
8,,,O,O,,,,,,,,172
1,,,O,O,,,,,,,,172
2,,,O,O,,,,,,,,172
4,,,O,O,,,,,,,,172
8,,,O,O,,,,,,,,172
1,,,O,O,,,,,,,,172
2,,,O,O,,,,,,,,172
4,,,O,O,,,,,,,,172
8,,,,,,,,,,,,172
1,,,,,,,,,,,,173
2,,,O,O,,,,,,,,173
4,,O,O,,,,,,,,,173
8,,,,,,,,,,,,173
1,,O,O,,,,,,,,,173
2,,O,O,,,,,,,,,173
4,,O,O,,,,,,,,,173
8,,O,O,,,,,,,,,173
1,,O,O,,,,,,,,,173
2,,O,O,,,,,,,,,173
4,,O,O,,,,,,,,,173
8,,O,O,,,,,,,,,173
1,,O,O,,,,,,,,,173
2,,O,O,,,,,,,,,173
4,,O,O,,,,,,,,,173
8,,,,,,,,,,,,173
1,,,,,,,,,,,,174
2,,,O,O,,,,,,,,174
4,,O,,,O,,,,,,,174
8,,,,,,,,,,,,174
1,,,O,O,,,,,,,,174
2,,,O,O,,,,,,,,174
4,,,O,O,,,,,,,,174
8,,,O,O,,,,,,,,174
1,,,O,O,,,,,,,,174
2,,,O,O,,,,,,,,174
4,,,O,O,,,,,,,,174
8,,,O,O,,,,,,,,174
1,,,O,O,,,,,,,,174
2,,,O,O,,,,,,,,174
4,,,O,O,,,,,,,,174
8,,,,,,,,,,,,174
1,,,,,,,,,,,,175
2,,O,,,O,,,,,,,175
4,,O,,,O,,,,,,,175
8,,,,,,,,,,,,175
1,,,O,O,,,,,,,,175
2,,,O,O,,,,,,,,175
4,,,O,O,,,,,,,,175
8,,,O,O,,,,,,,,175
1,,,O,O,,,,,,,,175
2,,,O,O,,,,,,,,175
4,,,O,O,,,,,,,,175
8,,,O,O,,,,,,,,175
1,,,O,O,,,,,,,,175
2,,,O,O,,,,,,,,175
4,,,O,O,,,,,,,,175
8,,,,,,,,,,,,175
1,,,,,,,,,,,,176
2,,,,,,,,,,,,176
4,,,O,O,O,O,O,O,,,,176
8,,,O,O,O,O,O,O,O,,,176
1,,,O,O,,,,,O,O,,176
2,,,O,O,,,,,O,O,,176
4,,,O,O,,,,,O,O,,176
8,,O,O,O,O,O,,,O,O,,176
1,,O,O,O,O,O,,,O,O,,176
2,,,O,O,,,,,O,O,,176
4,,,O,O,,,,,O,O,,176
8,,,O,O,,,,,O,O,,176
1,,,O,O,,,,,O,O,,176
2,,,O,O,O,O,O,O,O,,,176
4,,,O,O,O,O,O,O,,,,176
8,,,,,,,,,,,,176
1,,,,,,,,,,,,177
2,,,,O,O,,,O,,,,177
4,,,O,,,O,O,,,,,177
8,,,,,,,,,,,,177
1,,O,O,,,,,O,O,,,177
2,,O,O,O,,,,O,O,,,177
4,,O,O,O,O,,,O,O,,,177
8,,O,O,O,O,O,,O,O,,,177
1,,O,O,,O,O,O,O,O,,,177
2,,O,O,,,O,O,O,O,,,177
4,,O,O,,,,O,O,O,,,177
8,,O,O,,,,,O,O,,,177
1,,O,O,,,,,O,O,,,177
2,,O,O,,,,,O,O,,,177
4,,O,O,,,,,O,O,,,177
8,,,,,,,,,,,,177
1,,,,,,,,,,,,178
2,,,,O,O,,,,,,,178
4,,,,,O,O,,,,,,178
8,,,,,,,,,,,,178
1,,,,O,O,O,O,,,,,178
2,,,O,O,O,O,O,O,,,,178
4,,O,O,,,,,O,O,,,178
8,,O,O,,,,,O,O,,,178
1,,O,O,,,,,O,O,,,178
2,,O,O,,,,,O,O,,,178
4,,O,O,,,,,O,O,,,178
8,,O,O,,,,,O,O,,,178
1,,O,O,,,,,O,O,,,178
2,,,O,O,O,O,O,O,,,,178
4,,,,O,O,O,O,,,,,178
8,,,,,,,,,,,,178
1,,,,,,,,,,,,179
2,,,,,,O,O,,,,,179
4,,,,,O,O,,,,,,179
8,,,,,,,,,,,,179
1,,,,O,O,O,O,,,,,179
2,,,O,O,O,O,O,O,,,,179
4,,O,O,,,,,O,O,,,179
8,,O,O,,,,,O,O,,,179
1,,O,O,,,,,O,O,,,179
2,,O,O,,,,,O,O,,,179
4,,O,O,,,,,O,O,,,179
8,,O,O,,,,,O,O,,,179
1,,O,O,,,,,O,O,,,179
2,,,O,O,O,O,O,O,,,,179
4,,,,O,O,O,O,,,,,179
8,,,,,,,,,,,,179
1,,,,,,,,,,,,180
2,,,,,O,O,,,,,,180
4,,,,O,,,O,,,,,180
8,,,,,,,,,,,,180
1,,,,O,O,O,O,,,,,180
2,,,O,O,O,O,O,O,,,,180
4,,O,O,,,,,O,O,,,180
8,,O,O,,,,,O,O,,,180
1,,O,O,,,,,O,O,,,180
2,,O,O,,,,,O,O,,,180
4,,O,O,,,,,O,O,,,180
8,,O,O,,,,,O,O,,,180
1,,O,O,,,,,O,O,,,180
2,,,O,O,O,O,O,O,,,,180
4,,,,O,O,O,O,,,,,180
8,,,,,,,,,,,,180
1,,,,,,,,,,,,181
2,,,,O,O,,,O,,,,181
4,,,O,,,O,O,,,,,181
8,,,,,,,,,,,,181
1,,,,O,O,O,O,,,,,181
2,,,O,O,O,O,O,O,,,,181
4,,O,O,,,,,O,O,,,181
8,,O,O,,,,,O,O,,,181
1,,O,O,,,,,O,O,,,181
2,,O,O,,,,,O,O,,,181
4,,O,O,,,,,O,O,,,181
8,,O,O,,,,,O,O,,,181
1,,O,O,,,,,O,O,,,181
2,,,O,O,O,O,O,O,,,,181
4,,,,O,O,O,O,,,,,181
8,,,,,,,,,,,,181
1,,,,,,,,,,,,182
2,,,O,O,,,O,O,,,,182
4,,,O,O,,,O,O,,,,182
8,,,,,,,,,,,,182
1,,,,O,O,O,O,,,,,182
2,,,O,O,O,O,O,O,,,,182
4,,O,O,,,,,O,O,,,182
8,,O,O,,,,,O,O,,,182
1,,O,O,,,,,O,O,,,182
2,,O,O,,,,,O,O,,,182
4,,O,O,,,,,O,O,,,182
8,,O,O,,,,,O,O,,,182
1,,O,O,,,,,O,O,,,182
2,,,O,O,O,O,O,O,,,,182
4,,,,O,O,O,O,,,,,182
8,,,,,,,,,,,,182
1,,,,,,,,,,,,183
2,,,,,,,,,,,,183
4,,,,,,,,,,,,183
8,,,,,,,,,,,,183
1,,,,,,,,,,,,183
2,,O,O,,,,,O,O,,,183
4,,,O,O,,,O,O,,,,183
8,,,,O,O,O,O,,,,,183
1,,,,,O,O,,,,,,183
2,,,,,O,O,,,,,,183
4,,,,O,O,O,O,,,,,183
8,,,O,O,,,O,O,,,,183
1,,O,O,,,,,O,O,,,183
2,,,,,,,,,,,,183
4,,,,,,,,,,,,183
8,,,,,,,,,,,,183
1,,,,,,,,,,,,184
2,,,,,,,,,,,,184
4,,,,O,O,O,O,O,,O,,184
8,,,O,O,O,O,O,O,O,,,184
1,,O,O,,,,,O,O,O,,184
2,,O,O,,,,O,O,O,O,,184
4,,O,O,,,,O,,O,O,,184
8,,O,O,,,O,O,,O,O,,184
1,,O,O,,,O,,,O,O,,184
2,,O,O,,O,O,,,O,O,,184
4,,O,O,,O,,,,O,O,,184
8,,O,O,O,O,,,,O,O,,184
1,,O,O,O,,,,,O,O,,184
2,,,O,O,O,O,O,O,O,,,184
4,,O,,O,O,O,O,O,,,,184
8,,,,,,,,,,,,184
1,,,,,,,,,,,,185
2,,,,O,O,,,,,,,185
4,,,,,O,O,,,,,,185
8,,,,,,,,,,,,185
1,,O,O,,,,O,O,,,,185
2,,O,O,,,,O,O,,,,185
4,,O,O,,,,O,O,,,,185
8,,O,O,,,,O,O,,,,185
1,,O,O,,,,O,O,,,,185
2,,O,O,,,,O,O,,,,185
4,,O,O,,,,O,O,,,,185
8,,O,O,,,,O,O,,,,185
1,,O,O,,,,O,O,,,,185
2,,,O,O,O,O,O,,,,,185
4,,,,O,O,O,,,,,,185
8,,,,,,,,,,,,185
1,,,,,,,,,,,,186
2,,,,,O,O,,,,,,186
4,,,,O,O,,,,,,,186
8,,,,,,,,,,,,186
1,,O,O,,,,O,O,,,,186
2,,O,O,,,,O,O,,,,186
4,,O,O,,,,O,O,,,,186
8,,O,O,,,,O,O,,,,186
1,,O,O,,,,O,O,,,,186
2,,O,O,,,,O,O,,,,186
4,,O,O,,,,O,O,,,,186
8,,O,O,,,,O,O,,,,186
1,,O,O,,,,O,O,,,,186
2,,,O,O,O,O,O,,,,,186
4,,,,O,O,O,,,,,,186
8,,,,,,,,,,,,186
1,,,,,,,,,,,,187
2,,,,O,O,O,,,,,,187
4,,,O,,,,O,,,,,187
8,,,,,,,,,,,,187
1,,O,O,,,,O,O,,,,187
2,,O,O,,,,O,O,,,,187
4,,O,O,,,,O,O,,,,187
8,,O,O,,,,O,O,,,,187
1,,O,O,,,,O,O,,,,187
2,,O,O,,,,O,O,,,,187
4,,O,O,,,,O,O,,,,187
8,,O,O,,,,O,O,,,,187
1,,O,O,,,,O,O,,,,187
2,,,O,O,O,O,O,,,,,187
4,,,,O,O,O,,,,,,187
8,,,,,,,,,,,,187
1,,,,,,,,,,,,188
2,,,O,O,,O,O,,,,,188
4,,,O,O,,O,O,,,,,188
8,,,,,,,,,,,,188
1,,O,O,,,,O,O,,,,188
2,,O,O,,,,O,O,,,,188
4,,O,O,,,,O,O,,,,188
8,,O,O,,,,O,O,,,,188
1,,O,O,,,,O,O,,,,188
2,,O,O,,,,O,O,,,,188
4,,O,O,,,,O,O,,,,188
8,,O,O,,,,O,O,,,,188
1,,O,O,,,,O,O,,,,188
2,,,O,O,O,O,O,,,,,188
4,,,,O,O,O,,,,,,188
8,,,,,,,,,,,,188
1,,,,,,,,,,,,189
2,,,,,,O,O,,,,,189
4,,,,,O,O,,,,,,189
8,,O,O,,,,,O,O,,,189
1,,O,O,,,,,O,O,,,189
2,,O,O,,,,,O,O,,,189
4,,O,O,,,,,O,O,,,189
8,,O,O,,,,,O,O,,,189
1,,,O,O,O,O,O,O,,,,189
2,,,,O,O,O,O,,,,,189
4,,,,,O,O,,,,,,189
8,,,,,O,O,,,,,,189
1,,,,,O,O,,,,,,189
2,,,,,O,O,,,,,,189
4,,,,,O,O,,,,,,189
8,,,,,,,,,,,,189
1,,,,,,,,,,,,190
2,,,,,,,,,,,,190
4,,,,,,,,,,,,190
8,,O,O,,,,,,,,,190
1,,O,O,,,,,,,,,190
2,,O,O,O,O,O,,,,,,190
4,,O,O,O,O,O,O,,,,,190
8,,O,O,,,,O,O,,,,190
1,,O,O,,,,O,O,,,,190
2,,O,O,,,,O,O,,,,190
4,,O,O,,,,O,O,,,,190
8,,O,O,O,O,O,O,,,,,190
1,,O,O,O,O,O,,,,,,190
2,,O,O,,,,,,,,,190
4,,O,O,,,,,,,,,190
8,,,,,,,,,,,,190
1,,,,,,,,,,,,191
2,,,,,,,,,,,,191
4,,,,O,O,O,,,,,,191
8,,,O,O,O,O,O,,,,,191
1,,O,O,,,,O,O,,,,191
2,,O,O,,,,O,O,,,,191
4,,O,O,,,,O,,,,,191
8,,O,O,,,O,O,,,,,191
1,,O,O,,,O,O,,,,,191
2,,O,O,,,O,O,O,,,,191
4,,O,O,,,,,O,O,,,191
8,,O,O,,,,,,O,O,,191
1,,O,O,,O,O,,,O,O,,191
2,,O,O,,O,O,O,O,O,O,,191
4,,O,O,,,O,O,O,,,,191
8,,,,,,,,,,,,191
1,,,,,,,,,,,,192
2,,,,,,,,,,,,192
4,,,,O,O,,,,,,,192
8,,,,,O,O,,,,,,192
1,,,,,,,,,,,,192
2,,,,O,O,O,O,,,,,192
4,,,O,O,O,O,O,O,,,,192
8,,,,,,,,O,O,,,192
1,,,,,,,,O,O,,,192
2,,,O,O,O,O,O,O,O,,,192
4,,O,O,O,O,O,O,O,O,,,192
8,,O,O,,,,,O,O,,,192
1,,O,O,,,,,O,O,,,192
2,,,O,O,O,O,O,O,O,,,192
4,,,,O,O,O,O,O,O,,,192
8,,,,,,,,,,,,192
1,,,,,,,,,,,,193
2,,,,,,,,,,,,193
4,,,,,,O,O,,,,,193
8,,,,,O,O,,,,,,193
1,,,,,,,,,,,,193
2,,,,O,O,O,O,,,,,193
4,,,O,O,O,O,O,O,,,,193
8,,,,,,,,O,O,,,193
1,,,,,,,,O,O,,,193
2,,,O,O,O,O,O,O,O,,,193
4,,O,O,O,O,O,O,O,O,,,193
8,,O,O,,,,,O,O,,,193
1,,O,O,,,,,O,O,,,193
2,,,O,O,O,O,O,O,O,,,193
4,,,,O,O,O,O,O,O,,,193
8,,,,,,,,,,,,193
1,,,,,,,,,,,,194
2,,,,,,,,,,,,194
4,,,,,O,O,,,,,,194
8,,,,O,,,O,,,,,194
1,,,,,,,,,,,,194
2,,,,O,O,O,O,,,,,194
4,,,O,O,O,O,O,O,,,,194
8,,,,,,,,O,O,,,194
1,,,,,,,,O,O,,,194
2,,,O,O,O,O,O,O,O,,,194
4,,O,O,O,O,O,O,O,O,,,194
8,,O,O,,,,,O,O,,,194
1,,O,O,,,,,O,O,,,194
2,,,O,O,O,O,O,O,O,,,194
4,,,,O,O,O,O,O,O,,,194
8,,,,,,,,,,,,194
1,,,,,,,,,,,,195
2,,,,,,,,,,,,195
4,,,,O,O,,O,,,,,195
8,,,O,,O,O,,,,,,195
1,,,,,,,,,,,,195
2,,,,O,O,O,O,,,,,195
4,,,O,O,O,O,O,O,,,,195
8,,,,,,,,O,O,,,195
1,,,,,,,,O,O,,,195
2,,,O,O,O,O,O,O,O,,,195
4,,O,O,O,O,O,O,O,O,,,195
8,,O,O,,,,,O,O,,,195
1,,O,O,,,,,O,O,,,195
2,,,O,O,O,O,O,O,O,,,195
4,,,,O,O,O,O,O,O,,,195
8,,,,,,,,,,,,195
1,,,,,,,,,,,,196
2,,,,,,,,,,,,196
4,,,O,O, ,,O,O,,,,196
8,,,O,O, ,,O,O,,,,196
1,,,,,,,,,,,,196
2,,,,O,O,O,O,,,,,196
4,,,O,O,O,O,O,O,,,,196
8,,,,,,,,O,O,,,196
1,,,,,,,,O,O,,,196
2,,,O,O,O,O,O,O,O,,,196
4,,O,O,O,O,O,O,O,O,,,196
8,,O,O,,,,,O,O,,,196
1,,O,O,,,,,O,O,,,196
2,,,O,O,O,O,O,O,O,,,196
4,,,,O,O,O,O,O,O,,,196
8,,,,,,,,,,,,196
1,,,,,,,,,,,,197
2,,,,,,,,,,,,197
4,,,,,,O,,,,,,197
8,,,,,O,,O,,,,,197
1,,,,,,O,,,,,,197
2,,,,O,O,O,O,,,,,197
4,,,O,O,O,O,O,O,,,,197
8,,,,,,,,O,O,,,197
1,,,,,,,,O,O,,,197
2,,,O,O,O,O,O,O,O,,,197
4,,O,O,O,O,O,O,O,O,,,197
8,,O,O,,,,,O,O,,,197
1,,O,O,,,,,O,O,,,197
2,,,O,O,O,O,O,O,O,,,197
4,,,,O,O,O,O,O,O,,,197
8,,,,,,,,,,,,197
1,,,,,,,,,,,,198
2,,,,,,,,,,,,198
4,,,,,,,,,,,,198
8,,,,,,,,,,,,198
1,,,,,,,,,,,,198
2,,,,O,O,,,O,O,,,198
4,,,O,O,O,O,O,O,O,O,,198
8,,,,,,O,O,,,O,O,198
1,,,,,,O,O,,,O,O,198
2,,,O,O,O,O,O,O,O,O,O,198
4,,O,O,O,O,O,O,O,O,O,O,198
8,,O,O,,,O,O,,,,,198
1,,O,O,,,O,O,,,,,198
2,,,O,O,O,O,O,O,O,O,O,198
4,,,,O,O,,,O,O,O,,198
8,,,,,,,,,,,,198
1,,,,,,,,,,,,199
2,,,,,,,,,,,,199
4,,,,,,,,,,,,199
8,,,,O,O,O,O,,,,,199
1,,,O,O,O,O,O,O,,,,199
2,,O,O,,,,,O,O,,,199
4,,O,O,,,,,,,,,199
8,,O,O,,,,,,,,,199
1,,O,O,,,,,,,,,199
2,,O,O,,,,,O,O,,,199
4,,,O,O,O,O,O,O,,,,199
8,,,,O,O,O,O,,,,,199
1,,,,,O,,,,,,,199
2,,,,,O,O,,,,,,199
4,,,,,,O,,,,,,199
8,,,,O,O,,,,,,,199
1,,,,,,,,,,,,200
2,,,,,,,,,,,,200
4,,,,O,O,,,,,,,200
8,,,,,O,O,,,,,,200
1,,,,,,,,,,,,200
2,,,,O,O,O,O,,,,,200
4,,,O,O,O,O,O,O,,,,200
8,,O,O,,,,,O,O,,,200
1,,O,O,,,,,O,O,,,200
2,,O,O,O,O,O,O,O,O,,,200
4,,O,O,O,O,O,O,O,O,,,200
8,,O,O,,,,,,,,,200
1,,O,O,,,,,,,,,200
2,,,O,O,O,O,O,O,,,,200
4,,,,O,O,O,O,,,,,200
8,,,,,,,,,,,,200
1,,,,,,,,,,,,201
2,,,,,,,,,,,,201
4,,,,,O,O,,,,,,201
8,,,,O,O,,,,,,,201
1,,,,,,,,,,,,201
2,,,,O,O,O,O,,,,,201
4,,,O,O,O,O,O,O,,,,201
8,,O,O,,,,,O,O,,,201
1,,O,O,,,,,O,O,,,201
2,,O,O,O,O,O,O,O,O,,,201
4,,O,O,O,O,O,O,O,O,,,201
8,,O,O,,,,,,,,,201
1,,O,O,,,,,,,,,201
2,,,O,O,O,O,O,O,,,,201
4,,,,O,O,O,O,,,,,201
8,,,,,,,,,,,,201
1,,,,,,,,,,,,202
2,,,,,,,,,,,,202
4,,,,,O,O,,,,,,202
8,,,,O,,,O,,,,,202
1,,,,,,,,,,,,202
2,,,,O,O,O,O,,,,,202
4,,,O,O,O,O,O,O,,,,202
8,,O,O,,,,,O,O,,,202
1,,O,O,,,,,O,O,,,202
2,,O,O,O,O,O,O,O,O,,,202
4,,O,O,O,O,O,O,O,O,,,202
8,,O,O,,,,,,,,,202
1,,O,O,,,,,,,,,202
2,,,O,O,O,O,O,O,,,,202
4,,,,O,O,O,O,,,,,202
8,,,,,,,,,,,,202
1,,,,,,,,,,,,203
2,,,,,,,,,,,,203
4,,,O,O,,,O,O,,,,203
8,,,O,O,,,O,O,,,,203
1,,,,,,,,,,,,203
2,,,,O,O,O,O,,,,,203
4,,,O,O,O,O,O,O,,,,203
8,,O,O,,,,,O,O,,,203
1,,O,O,,,,,O,O,,,203
2,,O,O,O,O,O,O,O,O,,,203
4,,O,O,O,O,O,O,O,O,,,203
8,,O,O,,,,,,,,,203
1,,O,O,,,,,,,,,203
2,,,O,O,O,O,O,O,,,,203
4,,,,O,O,O,O,,,,,203
8,,,,,,,,,,,,203
1,,,,,,,,,,,,204
2,,,,,,,,,,,,204
4,,O,O,,,,,,,,,204
8,,,O,O,,,,,,,,204
1,,,,,,,,,,,,204
2,,,O,O,,,,,,,,204
4,,,O,O,,,,,,,,204
8,,,O,O,,,,,,,,204
1,,,O,O,,,,,,,,204
2,,,O,O,,,,,,,,204
4,,,O,O,,,,,,,,204
8,,,O,O,,,,,,,,204
1,,,O,O,,,,,,,,204
2,,,O,O,,,,,,,,204
4,,,O,O,,,,,,,,204
8,,,,,,,,,,,,204
1,,,,,,,,,,,,205
2,,,,,,,,,,,,205
4,,,O,O,,,,,,,,205
8,,O,O,,,,,,,,,205
1,,,,,,,,,,,,205
2,,O,O,,,,,,,,,205
4,,O,O,,,,,,,,,205
8,,O,O,,,,,,,,,205
1,,O,O,,,,,,,,,205
2,,O,O,,,,,,,,,205
4,,O,O,,,,,,,,,205
8,,O,O,,,,,,,,,205
1,,O,O,,,,,,,,,205
2,,O,O,,,,,,,,,205
4,,O,O,,,,,,,,,205
8,,,,,,,,,,,,205
1,,,,,,,,,,,,206
2,,,,,,,,,,,,206
4,,,O,O,,,,,,,,206
8,,O,,,O,,,,,,,206
1,,,,,,,,,,,,206
2,,,O,O,,,,,,,,206
4,,,O,O,,,,,,,,206
8,,,O,O,,,,,,,,206
1,,,O,O,,,,,,,,206
2,,,O,O,,,,,,,,206
4,,,O,O,,,,,,,,206
8,,,O,O,,,,,,,,206
1,,,O,O,,,,,,,,206
2,,,O,O,,,,,,,,206
4,,,O,O,,,,,,,,206
8,,,,,,,,,,,,206
1,,,,,,,,,,,,207
2,,,,,,,,,,,,207
4,,O,,,O,,,,,,,207
8,,O,,,O,,,,,,,207
1,,,,,,,,,,,,207
2,,,O,O,,,,,,,,207
4,,,O,O,,,,,,,,207
8,,,O,O,,,,,,,,207
1,,,O,O,,,,,,,,207
2,,,O,O,,,,,,,,207
4,,,O,O,,,,,,,,207
8,,,O,O,,,,,,,,207
1,,,O,O,,,,,,,,207
2,,,O,O,,,,,,,,207
4,,,O,O,,,,,,,,207
8,,,,,,,,,,,,207
1,,,,,,,,,,,,208
2,,,,,,,,,,,,208
4,,,O,O,,,O,O,,,,208
8,,,,,O,O,,,,,,208
1,,,,O,,,O,,,,,208
2,,,,O,O,O,O,,,,,208
4,,,O,O,O,O,O,O,,,,208
8,,O,O,,,,,O,O,,,208
1,,O,O,,,,,O,O,,,208
2,,O,O,,,,,O,O,,,208
4,,O,O,,,,,O,O,,,208
8,,O,O,,,,,O,O,,,208
1,,O,O,,,,,O,O,,,208
2,,,O,O,O,O,O,O,,,,208
4,,,,O,O,O,O,,,,,208
8,,,,,,,,,,,,208
1,,,,,,,,,,,,209
2,,,,,,,,,,,,209
4,,,,O,O,,,O,,,,209
8,,,O,,,O,O,,,,,209
1,,,,,,,,,,,,209
2,,O,O,O,O,O,O,,,,,209
4,,O,O,O,O,O,O,O,,,,209
8,,O,O,,,,,O,O,,,209
1,,O,O,,,,,O,O,,,209
2,,O,O,,,,,O,O,,,209
4,,O,O,,,,,O,O,,,209
8,,O,O,,,,,O,O,,,209
1,,O,O,,,,,O,O,,,209
2,,O,O,,,,,O,O,,,209
4,,O,O,,,,,O,O,,,209
8,,,,,,,,,,,,209
1,,,,,,,,,,,,210
2,,,,,,,,,,,,210
4,,,,O,O,,,,,,,210
8,,,,,O,O,,,,,,210
1,,,,,,,,,,,,210
2,,,,O,O,O,O,,,,,210
4,,,O,O,O,O,O,O,,,,210
8,,O,O,,,,,O,O,,,210
1,,O,O,,,,,O,O,,,210
2,,O,O,,,,,O,O,,,210
4,,O,O,,,,,O,O,,,210
8,,O,O,,,,,O,O,,,210
1,,O,O,,,,,O,O,,,210
2,,,O,O,O,O,O,O,,,,210
4,,,,O,O,O,O,,,,,210
8,,,,,,,,,,,,210
1,,,,,,,,,,,,211
2,,,,,,,,,,,,211
4,,,,,O,O,,,,,,211
8,,,,O,O,,,,,,,211
1,,,,,,,,,,,,211
2,,,,O,O,O,O,,,,,211
4,,,O,O,O,O,O,O,,,,211
8,,O,O,,,,,O,O,,,211
1,,O,O,,,,,O,O,,,211
2,,O,O,,,,,O,O,,,211
4,,O,O,,,,,O,O,,,211
8,,O,O,,,,,O,O,,,211
1,,O,O,,,,,O,O,,,211
2,,,O,O,O,O,O,O,,,,211
4,,,,O,O,O,O,,,,,211
8,,,,,,,,,,,,211
1,,,,,,,,,,,,212
2,,,,,,,,,,,,212
4,,,,,O,O,,,,,,212
8,,,,O,,,O,,,,,212
1,,,,,,,,,,,,212
2,,,,O,O,O,O,,,,,212
4,,,O,O,O,O,O,O,,,,212
8,,O,O,,,,,O,O,,,212
1,,O,O,,,,,O,O,,,212
2,,O,O,,,,,O,O,,,212
4,,O,O,,,,,O,O,,,212
8,,O,O,,,,,O,O,,,212
1,,O,O,,,,,O,O,,,212
2,,,O,O,O,O,O,O,,,,212
4,,,,O,O,O,O,,,,,212
8,,,,,,,,,,,,212
1,,,,,,,,,,,,213
2,,,,,,,,,,,,213
4,,,,O,O,,,O,,,,213
8,,,O,,,O,O,,,,,213
1,,,,,,,,,,,,213
2,,,,O,O,O,O,,,,,213
4,,,O,O,O,O,O,O,,,,213
8,,O,O,,,,,O,O,,,213
1,,O,O,,,,,O,O,,,213
2,,O,O,,,,,O,O,,,213
4,,O,O,,,,,O,O,,,213
8,,O,O,,,,,O,O,,,213
1,,O,O,,,,,O,O,,,213
2,,,O,O,O,O,O,O,,,,213
4,,,,O,O,O,O,,,,,213
8,,,,,,,,,,,,213
1,,,,,,,,,,,,214
2,,,,,,,,,,,,214
4,,,O,O,,,O,O,,,,214
8,,,O,O,,,O,O,,,,214
1,,,,,,,,,,,,214
2,,,,O,O,O,O,,,,,214
4,,,O,O,O,O,O,O,,,,214
8,,O,O,,,,,O,O,,,214
1,,O,O,,,,,O,O,,,214
2,,O,O,,,,,O,O,,,214
4,,O,O,,,,,O,O,,,214
8,,O,O,,,,,O,O,,,214
1,,O,O,,,,,O,O,,,214
2,,,O,O,O,O,O,O,,,,214
4,,,,O,O,O,O,,,,,214
8,,,,,,,,,,,,214
1,,,,,,,,,,,,215
2,,,,,,,,,,,,215
4,,,,,,,,,,,,215
8,,,,,,,,,,,,215
1,,,,,,,,,,,,215
2,,,,,O,O,,,,,,215
4,,,,,O,O,,,,,,215
8,,,,,,,,,,,,215
1,,O,O,O,O,O,O,O,O,,,215
2,,O,O,O,O,O,O,O,O,,,215
4,,,,,,,,,,,,215
8,,,,,O,O,,,,,,215
1,,,,,O,O,,,,,,215
2,,,,,,,,,,,,215
4,,,,,,,,,,,,215
8,,,,,,,,,,,,215
1,,,,,,,,,,,,216
2,,,,,,,,,,,,216
4,,,,,,,,,,,,216
8,,,,,,,,,,,,216
1,,,,,,,,,,,,216
2,,,,,,,,,,,,216
4,,,,O,O,O,O,,O,,,216
8,,,O,O,O,O,O,O,,,,216
1,,O,O,,,,O,O,O,,,216
2,,O,O,,,O,,O,O,,,216
4,,O,O,,O,O,,O,O,,,216
8,,O,O,,O,,,O,O,,,216
1,,O,O,O,,,,O,O,,,216
2,,,O,O,O,O,O,O,,,,216
4,,O,,O,O,O,O,,,,,216
8,,,,,,,,,,,,216
1,,,,,,,,,,,,217
2,,,,,,,,,,,,217
4,,,,O,O,,,,,,,217
8,,,,,O,O,,,,,,217
1,,,,,,,,,,,,217
2,,O,O,,,,O,O,,,,217
4,,O,O,,,,O,O,,,,217
8,,O,O,,,,O,O,,,,217
1,,O,O,,,,O,O,,,,217
2,,O,O,,,,O,O,,,,217
4,,O,O,,,,O,O,,,,217
8,,O,O,,,,O,O,,,,217
1,,O,O,,,,O,O,,,,217
2,,,O,O,O,O,O,,,,,217
4,,,,O,O,O,,,,,,217
8,,,,,,,,,,,,217
1,,,,,,,,,,,,218
2,,,,,,,,,,,,218
4,,,,,O,O,,,,,,218
8,,,,O,O,,,,,,,218
1,,,,,,,,,,,,218
2,,O,O,,,,O,O,,,,218
4,,O,O,,,,O,O,,,,218
8,,O,O,,,,O,O,,,,218
1,,O,O,,,,O,O,,,,218
2,,O,O,,,,O,O,,,,218
4,,O,O,,,,O,O,,,,218
8,,O,O,,,,O,O,,,,218
1,,O,O,,,,O,O,,,,218
2,,,O,O,O,O,O,,,,,218
4,,,,O,O,O,,,,,,218
8,,,,,,,,,,,,218
1,,,,,,,,,,,,219
2,,,,,,,,,,,,219
4,,,,,O,,,,,,,219
8,,,,O,,O,,,,,,219
1,,,,,,,,,,,,219
2,,O,O,,,,O,O,,,,219
4,,O,O,,,,O,O,,,,219
8,,O,O,,,,O,O,,,,219
1,,O,O,,,,O,O,,,,219
2,,O,O,,,,O,O,,,,219
4,,O,O,,,,O,O,,,,219
8,,O,O,,,,O,O,,,,219
1,,O,O,,,,O,O,,,,219
2,,,O,O,O,O,O,,,,,219
4,,,,O,O,O,,,,,,219
8,,,,,,,,,,,,219
1,,,,,,,,,,,,220
2,,,,,,,,,,,,220
4,,,O,O,,O,O,,,,,220
8,,,O,O,,O,O,,,,,220
1,,,,,,,,,,,,220
2,,O,O,,,,O,O,,,,220
4,,O,O,,,,O,O,,,,220
8,,O,O,,,,O,O,,,,220
1,,O,O,,,,O,O,,,,220
2,,O,O,,,,O,O,,,,220
4,,O,O,,,,O,O,,,,220
8,,O,O,,,,O,O,,,,220
1,,O,O,,,,O,O,,,,220
2,,,O,O,O,O,O,,,,,220
4,,,,O,O,O,,,,,,220
8,,,,,,,,,,,,220
1,,,,,,,,,,,,221
2,,,,,,,,,,,,221
4,,,,,O,O,,,,,,221
8,,,,O,O,,,,,,,221
1,,,,,,,,,,,,221
2,,O,O,,,O,O,,,,,221
4,,O,O,,,O,O,,,,,221
8,,O,O,,,O,O,,,,,221
1,,O,O,,,O,O,,,,,221
2,,,O,O,O,O,,,,,,221
4,,,,O,O,,,,,,,221
8,,,,O,O,,,,,,,221
1,,,,O,O,,,,,,,221
2,,,,O,O,,,,,,,221
4,,,,O,O,,,,,,,221
8,,,,,,,,,,,,221
1,,,,,,,,,,,,222
2,,O,O,,,,,,,,,222
4,,O,O,,,,,,,,,222
8,,O,O,,,,,,,,,222
1,,O,O,O,O,O,O,,,,,222
2,,O,O,O,O,O,O,O,,,,222
4,,O,O,,,,,O,O,,,222
8,,O,O,,,,,O,O,,,222
1,,O,O,,,,,O,O,,,222
2,,O,O,,,,,O,O,,,222
4,,O,O,O,O,O,O,O,,,,222
8,,O,O,O,O,O,O,,,,,222
1,,O,O,,,,,,,,,222
2,,O,O,,,,,,,,,222
4,,O,O,,,,,,,,,222
8,,,,,,,,,,,,222
1,,,,,,,,,,,,223
2,,,,,,,,,,,,223
4,,O,O,,,O,O,,,,,223
8,,O,O,,,O,O,,,,,223
1,,,,,,,,,,,,223
2,,O,O,,,O,O,,,,,223
4,,O,O,,,O,O,,,,,223
8,,O,O,,,O,O,,,,,223
1,,O,O,,,O,O,,,,,223
2,,,O,O,O,O,,,,,,223
4,,,,O,O,,,,,,,223
8,,,,O,O,,,,,,,223
1,,,,O,O,,,,,,,223
2,,,,O,O,,,,,,,223
4,,,,O,O,,,,,,,223
8,,,,,,,,,,,,223
